Domain,Keyphrases,Cluster
auduboninternational, Audubon Cooperative Sanctuary  Green Lodging Program  Green Hospitality Program  Audubon International  Audubon International Headquarters  Sustainable Communities Program  Signature Sanctuary Certification  Audubon International Certified  Sanctuary Program   Cooperative Sanctuary Program,8
rapidgator, Việt Монгол Հայերենի  service  Rapidgator  Infringement Policy  Policy  Privacy Policy  Tiếng Việt Монгол  personally identifiable information  Terms   Copyright Infringement Policy,0
abc, Online Privacy PolicyYour  State Privacy RightsAbout  Privacy RightsAbout Nielsen  Social ResponsibilityChildren Online  RightsAbout Nielsen Measurement  Online Privacy  Entertainment ChannelsWatch Free  State Privacy  Personal InformationInterest-Based AdsClosed   ResponsibilityChildren Online Privacy,0
arabtimes, largest Arab-American newspaper  WORLDWIDE SHIPPING  States  largest Arab-American  Arab-American newspaper  United  DOOR  SHIPPING  EMAIL   United States,8
americannaziparty, Central Helsinki Hotell  Moscow Helsinki Groups  Hotell Helsingfors  Helsinki Federationfor Human  OSCE Human Dimension  endstream endobj  Hotel Art Helsingfors  Scandic Hotell Helsingfors  Plaza Helsinki Hotell   International Helsinki Federation,8
blackjackinfo, Blackjack Basic Strategy  Blackjack Live Dealer  Strategy Basic strategy  Blackjack Strategy  Basic Strategy  Blackjack Strategy Engine  Blackjack Strategy Trainer  Blackjack GameTournamentsFree Blackjack  basic strategy cards   Online Blackjack Strategy,8
exgay, life  menu items.Your journey  peace  items.Your journey  Confidence  peace begins  told  journey to peace  live   journey,8
ua-24, Domain Registration  NameBright  Generation Domain  Coming  Registration  NameBright.com  Generation  Domain   Generation Domain Registration,4
breakingnews, Ireland World Business  Irish Times  Lifestyle Lotto Horoscopes  World Business Weather  Irish Times Group  Business Weather Archive  Soccer GAA Rugby  Times DAC  Times DAC 24-28   Irish Times DAC,8
growerz, Found  nginx   Found nginx,8
giganews, Usenet  Quality Usenet Retention  Usenet Support  Usenet service  Giganews Reviews  Internet service providers  Support  Service  Usenet Provider   Giganews,4
formercatholic, Catholic Priests  Love Priests  Catholic  Priest  Roman Catholic Church  church  Catholics  Love  Top Reasons Catholics   Catholic church,8
acquisitionx, port numbers Acquisition  DOWNLOAD ACQUISITION  Activation Code Redelivery  port  port mapping  Activation Code  ports  Port Mapping Protocol  NAT Port Mapping   Acquisition,8
copticchurch, Mark Coptic Orthodox  Pope Shenouda III  Coptic Orthodox  Orthodox Church  Coptic Church  Coptic Calendar  Coptic  Mark Coptic  Pope Shenouda   Coptic Orthodox Church,8
attrition, security  ATTRITION  jericho  information  Attrition staff  attrition.org  legal threats  Martums  time   czarina,7
4online-gambling, casinos  Online Casinos  Casino  Online gambling  Free casino game  online casino games  casino game  Online  gambling   casino game play,0
ghostrecon, Ghost Recon  Clancy Ghost Recon  Ghost Recon ChannelsEnglishStoreUBISOFT  Ubisoft Entertainment  Recon Breakpoint  guideGhost Recon Breakpoint  GHOST RECON PHOTO  Ghost Recon Operation  Ubisoft Parent guideGhost   Ghost Recon Breakpoint,8
uainforg,  Leave a commentShareFlag,8
hizb-russia, Enable JavaScript  cookies to continue  Enable  continue  JavaScript  cookies  JavaScript and cookies   moment,6
caritas, Caritas Internationalis  Human Trafficking  Caritas  North America  North Africa  work OVERVIEW  Caritas South Sudan  Reading  South Sudan   Continue Reading,8
looo, Homosexuality for Kids  Lesbianism for Kids  file publishing  Kids  Adrian Chen  Andrey Tselikov  Global Voices  Dan Avery   Loooch,8
raznesi, Zeiten des Internets  Befreiung von der  Crowdfunding bis Crowdinvesting  auf Befreiung von  Sie  Arten von Investitionen  von Crowdfunding bis  Antrag auf Befreiung  der UEC   von der UEC,8
ukraineanalysis, Ukraine  Politics in Ukraine  Luhansk People Republic  Eastern Ukraine  David Marples Ukraine  Current Politics  People Republic  David Marples  Donetsk People   Donetsk People Republic,8
triviasecurity, SSL certificate  SSL certificate presented  expired SSL certificate  SSL certificate issued  Invalid SSL  SSL  valid SSL  certificate  Certificate Authority   Invalid SSL certificate,8
hrlibrary, States Parties  United Nations human  Women Human  CEDAW Committee  United Nations Convention  reporting States parties  Minnesota Human  Women  Women Watch   CEDAW Convention,8
hanes, hanes.comPlease  blocker  enable  disable   hanes.comPlease enable,8
anon, Version von JAP  Technische Universität Dresden  für alle Nutzer  bei den Dresden  die Downloadmöglichkeiten über  Downloadmöglichkeiten über die  und Informationen über  die Dresden   JAP,8
cbc, CBC  CBC AccessibilityAccessibility Feedback  CBC shows offered  Canada  April  season  CBC shows  Canada including people  AccountProfileCBC GemNewslettersAbout CBC   CBC Gem.About CBC,8
888casino, Spins No Deposit  Online Casino  Casino  Free  Deposit  Spins  Online   Free Spins,0
goldenrivieracasino, web server timed  Connection timed  origin web server  Cloudflare  Cloudflare Ray  web  server  Error  Connection   web server,5
bittorrent, BitTorrent Web  BitTorrent Speed  services  BitTorrent Speed AppDrive  BitTorrent  English Español Русский  User Content  personal information  Terms   download BitTorrent Web,7
freedomhouse, Freedom  Kong Media Bulletin  Freedom House weekly  Annual Freedom Awards  Freedom House works  Media Freedom  Media Bulletin  Global Media Influence  Policy Recommendations   Freedom House,8
angelfire, Lycos Network Web  Lycos Network Privacy  Lycos Network Terms  Lycos Network Products  Lycos Network service  Lycos Network Search  Lycos Network sites  Lycos Network Logos  Lycos   Lycos Network,8
newsland,  NewsLand Войти Войти,8
breastenlargementmagazine, leyu  leyu 乐于体育下载   leyu 乐于体育下载【集团】有限公司 leyu,8
freehomepage, Web Hosting  Web Site Hosting  Free Web Site  Web Hosting Reviews  Free Web  web hosting services  Site Hosting Services  Free Home Page  Web Hosting Web   Free Web Hosting,5
ebay, Fly Streetwear Gardenia  Fly Streetwear Low  Low Pro Fly  Pro Fly Streetwear  Dunk Low  Dunk Low Fly  Fly Streetwear  Low Fly Streetwear  offPrevious price   Dunk Low Pro,8
liga,  FMCG Новини компаній,8
ads, Google  Google Ads account  Google Ads Mobile  Google Account  Google Play  Ads  Google services  Google Ads Editor  Google Ads API   Google Ads,8
pornhub, Videos  Porn Videos  Top Rated Albums  Top Rated GIFs  View Playlist  views  Exclusive Content  Popular Verified Models  Viewed Albums   Free Porn Videos,8
torrentsfilm, Start payment plan  Start payment  payment plan  payment  Buy  Start  February  domains  WhoIs Privacy Protection   domain,0
dictionary, SolverScrabble Word FinderWord  Word FinderWord PuzzleHurdleOutspellWord  MeaningsGamesGamesDaily Crossword PuzzleCrossword  Crossword PuzzleCrossword SolverScrabble  SexualityMixed-up MeaningsGamesGamesDaily Crossword  emailI inAboutCareersContact UsCookies  SolversLearnLearnWord ListsNew WordsTrending  ListsNew WordsTrending WordsAll  ArtsWritingWritingGrammar CoachWriting PromptsGrammar   PuzzleCrossword SolverScrabble Word,8
imrussia, Modern Russia  Resource  CMYK  rdf  process  Russia  Type  Institute of Modern  Vladimir Putin   xmpG,8
wedo, site owner  Block Technical Data  site  Wordfence blocking tools  million WordPress sites  Wordfence blocking  Technical Data  WordPress sites  access   Wordfence,8
budweiser, LEGAL DRINKING AGE  People Democratic Republic  Budweiser  link redirects  BUY  ONDE  COMPRAR  Republic  ENTER THIS SITE   ONDE COMPRAR,8
dopplr, Dopplr Legal  Understanding Defamation Lawsuits  Legal  Whistleblower Protections  Halloween Food Safety  Defamation Lawsuits  Food Safety Tips  Lawsuits  Lawsuits legal   Min Read,8
maxim-sokolov, Italiano Русский Українська  User agreement maxim  comment  accept LiveJournal User  User agreement  Log   LiveJournal User agreement,2
dikoe-pole, form  completely  filled  Address  offer  optional  Buy this domain  USD  domain   filled out completely,4
proxy, site  VPN List  Web Proxy List  Proxy  List VPN List  List  Proxy List VPN  agreement  Proxy.org   Proxy List,8
translate, SolverScrabble Word FinderWord  Word FinderWord PuzzleHurdleOutspellWord  MeaningsGamesGamesDaily Crossword PuzzleCrossword  Crossword PuzzleCrossword SolverScrabble  SexualityMixed-up MeaningsGamesGamesDaily Crossword  emailI inAboutCareersContact UsCookies  SolversLearnLearnWord ListsNew WordsTrending  ListsNew WordsTrending WordsAll  ArtsWritingWritingGrammar CoachWriting PromptsGrammar   PuzzleCrossword SolverScrabble Word,8
antijob, Details Page  mahost.org  domain.Domain Details  Page  Buy this domain.Domain  Details  Buy  JavaScript enabled  enabled   domain.Domain Details Page,4
ccel, God  Christian Life  Early Church Fathers  Read online  Christ  Classics Ethereal Library  Christian Classics  Christian  Church Fathers   Christian Classics Ethereal,8
anonymouse, Contact Info  Kontakt Info  Privacy Policy  FAQ  Info  service  privacy  Copyright   Anonymouse,0
gatesfoundation, Gates Foundation  Melinda Gates  Gates Foundation Privacy  Gates Foundation works  Gates Philanthropy Partners  Foundation  Gates  Gates Foundation commitment  Cookies Notice   Melinda Gates Foundation,1
adore, Red Cross Red  Red Cross Society  International Red Cross  National Red Cross  Cross Red Crescent  Red Crescent Movement  Red Cross  Red Crescent Society  Red Crescent   Red Crescent Societies,8
collegehumor, MMMMMMMMMMMMMMMMMMMMF  Dropout  MMMMMMMMMMMMMMMMMM  Dropout Connected Ventures  MMMMMMMMMMMMMMMMMMMM MMMMMMMMMMMMMMMMMMMM  comedy  watch  Dropout Connected  Android   MMMMMMMMMMMMMMMMMMMMMMMMMMMMMMMMMMMMMMMMMMMMMMMMMMMMMMMMMMMMMMMMMMMMMMMMMMMMMMMM,8
ifeminists, commentary  Ayn Rand  Bitcoin Cash address  Atlas Shrugged Part  round-up on Ayn  Ayn  Shrugged Part  Wendy McElroy  McElroyAtlas Shrugged Part   commentary round-up,8
666games, Free Online Flash  Gruesome Brutal Zombies  Bloody Horror Murder  Painful Deathly Kill  Kill Extremely Terror  Deathly Kill Extremely  Horror Murder Sadistic  Terror Gruesome Brutal  Gory Painful Deathly   Violent Bloody Horror,8
timesofindia, Times Internet  Bhai Kisi  time Times Internet  Miss India World  Miss India  Kisi Ki Jaan  Times Fashion Week  Jonathan OwensSimone Biles  Times   Femina Miss India,8
kurush1, friends RSS Блог  LiveJournal User agreement  Entries Friends Archive  Friends Archive Profile   RSS Блог Максима,3
seclists, Snort Subscriber Rules  Infrastructure Security Agency  RISKS List Owner  Nmap Security Scanner  Security Mailing List  Open Source Security  Apple Product Security  Security Lists  Releases Security Updates   Subscriber Rules Update,8
anglicancommunion, Enable JavaScript  cookies to continue  Enable  continue  JavaScript  cookies  JavaScript and cookies   moment,6
osp-ua, Resources  osp  Expired  Renewal Instructions  Instructions  Privacy Policy  Domain  Policy  Renewal   osp ua Resources,0
justicewomen, Justice Center  Womens Justice  Center  Justice  Womens   Womens Justice Center,8
aseansec, full functionality  enable  JavaScript  full  functionality  site  web browser  browser  instructions   enable JavaScript,6
carnivalcasino, Carnival Casino  Online Carnival  Casino  Carnival  Online   Online Carnival Casino,0
csmonitor, Christian Science Perspective  Science Monitor  Monitor Daily  Christian Science  Monitor View  Monitor Weekly digital  Monitor  Science Monitor Breakfast  Monitor Weekly   Christian Science Monitor,8
redenginejeans, redenginejeans.com is coming  totally awesome  awesome idea  redenginejeans.com  coming soon redenginejeans.com  coming  totally  awesome  idea   totally awesome idea,8
ifacetimeapp, Android App Download  FaceTime Download App  FaceTime APK App  FaceTime App  Android APK  Apple Facetime app  download Facetime APK  Download App  App   Download App Windows,8
obozrevatel, OBOZREVATEL може  OBOZREVATEL  MICLIC отримала Україна   OBOZREVATEL дозволяється лише,8
cannabis, Marijuana Treatment Centers  Florida  Ghost Management Group  star average rating  storefronts Dispensaries View  miFlorida Medical Marijuana  Medical Marijuana DoctorsMedical  Dispensaries View allLady  Doctors View allGainesville   Doctors Doctors View,8
blogspot, blog  beautiful blog  Create  blog easily  Create your blog  Blogger  Create a unique  beautiful  Google   beautiful blog easily,8
alstrangers, Entries Friends Archive  Friends Archive Profile  RSS Все временно  RSS Все   friends RSS Все,3
casinotropez, casino  Services Malta Limited  Entertainment Services Malta  Type  Universe Entertainment Services  casino games  Tropez  Online Casino  obj   Casino Tropez,0
globet, TRUST  Biggest Jackpots  Huge Bonuses  Odds  Jackpots  Bonuses  COMING  sportsbook will return  return   Globet.com,8
store, Action RPG  Steam Subscriber  Steam Deck  Adventure RPG  Off-topic Review Activity  Strategy RPG  Valve Corporation  Steam  Steam Curators   Steam Subscriber Agreement,8
genderandaids, Gender Equality  Education Plus’ Initiative  Generation Equality Forum  Women  Equality  Gender Equality Dimensions  Education Plus’  HIV Response  Generation Equality   HIV,8
abclider, piligriimmilii Гуру Репутация  Girl Huge Tits  Huge Tits Girls  refovod Гуру Репутация  NeoTyz Гуру Репутация  porn forum  Adult Videos Forum  adult porn   adult porn forum,8
flash, web server  Connection timed  Cloudflare Ray  origin web server  Cloudflare  Error  Connection  web  server   web server timed,5
holmogor, User agreement Разговоры  User agreement   LiveJournal User agreement,2
ilhr, full functionality  enable  JavaScript  full  functionality  site  web browser  browser  instructions   enable JavaScript,6
bnaibrith, B’nai B’rith Magazine  B’nai B’rith Impact  B’rith Impact B’nai  Impact B’nai B’rith  B’nai B’rith Talks  B’rith World Center  B’nai B’rith International  B’nai B’rith  B’nai B’rith Disaster   B’nai B’rith World,8
christianitytoday, Christianity Today  Asian American church  American church  Church  American church today  Privacy Policy  Christianity Today Weekly  CreedAll Blogs Topics  View Current Issue   Korean American church,8
crs, Catholic Relief  Relief Services  CRS Foundation Board  CRS Rice Bowl  CRS  Catholic Prayers Book  CRS Resource Center  CRS History  FREE Catholic Prayers   Catholic Relief Services,1
blueskyswimwear, Blue Sky Swimwear  Original Price  Power Enhancer Top  View  Tennis and Pickleball  Masks and Accessories  Face Masks  White Label  Private Label   Quick View,8
lb, Live Досьє Спецтеми   ENG Новини Політика,8
gmhc, People Living  AIDS Walk  Living with HIV  People  GMHC Hotline  Black People  GMHC  Health Benefits  AIDS   HIV,1
astalavista, server  requested URL  box.sk Port  API Solr  API Solr Default  URL  Debian  Port  Solr Default Core   Found,8
a-sadov, LiveJournal  User agreement  Italiano Русский Українська  account  English  Journal   Log,2
instinctmagazine, Favorite Instagrams  Miami Beach pride  Favorite Instagram Posts  EYE CANDY  Drag Race Hall  Drag Race  Instagram  Instinct  South Beach   Instinct Magazine,8
glavnoe,  href,8
lugansk, Der Kundensupport von  Sie  Der Kundensupport  Kundensupport von  Live-Chat kontaktiert werden  wenn sie  von BetStorm kann  und  sie die Arbeit   Kundensupport von BetStorm,8
ihr, United States  war  American Historical Review  President Franklin Roosevelt  HISTORICAL REVIEW  British Security Coordination  American  World  Mark Weber   World War,8
freshpair, Underwear Style Guide  Style Guide  Shop Styles  Shop Brands  Shapewear Style Guide  Brands  Panty Style Guide  T-shirt Style Guide  Top Brands   Bra Style Guide,8
turbobit, file  download  files  premium  account  File download  Upload  Turbo access  upload files   Turbo,8
catholic, Catholic Online  Catholic Online Prayers  Catholic Online Saints  Search Catholic Online  Online Prayer Candles  PRAYERS  Virtual Prayer Candle  Jesus Christ Prayers  Saints Feast Days   Catholic Online School,0
sfsi, San Francisco Sex  Sex Educator Training  Francisco Sex  Sex Information  San Francisco  Sex Educator  Sex  Information  Francisco   Francisco Sex Information,7
cidh, IACHR  Home   IACHR Home,8
rus, Enable JavaScript  cookies to continue  Enable  continue  JavaScript  cookies  JavaScript and cookies   moment,6
imo, official website  imo  free video  calls and messages  video calls  free  messages  official  website   free video calls,5
http-tunnel, Windows USB Recovery  USB Recovery Softwares  Tor Browser  Internet Censorship  HTTP Tunnel  Bypass Internet  Virtual Private Network  data recovery software  Data Recovery   Bypass Internet Censorship,8
finance, full reportAnalyst Report  Screener Futures Screener  Yahoo Finance Live  Finance Live Yahoo  Live Yahoo Finance  Screener ETF Screener  Screener Index Screener  Screeners Equity Screener  Year Yahoo Finance   Yahoo Finance,8
ecequality, Eastern Caribbean Alliance  Eastern Caribbean  MembersOur Networks  Networks and SupportOur  equality championJoin ECADE  MediaResourcesAnnual ReportsManualsResearch PublicationsNGO  ECADEOur TeamECADE MembersOur  ReportsManualsResearch PublicationsNGO DatabaseDonateContact  Networks   TeamECADE MembersOur Networks,8
ginvodka, Buying Guide  Gin Price  Vodka  Wine Gift Baskets  Gin  Gift Baskets  Sapphire Gin Price  Perignon Gift Baskets  Clicquot Gift Baskets   Vodka Brands,8
dw, enable JavaScript  JavaScript to run  app  enable  JavaScript  run   run this app,6
eve-kill,  Loading,8
biz, Biz.ly free hosting  free hosting site  Biz.ly FREE web  Web Hosting Resources  free website hosting  web hosting  Biz.ly web hosting  FREE web  free web site   FREE web hosting,5
circumcision, Circumcision Ronald Goldman  Ronald Goldman  Circumcision  Circumcision Resource  stop Medicaid circumcisions  Male Circumcision Harms  Circumcision Ronald  Medicaid circumcisions  Resource Center   Circumcision Resource Center,8
episcopalrelief, Life Garden Project  Episcopal Asset Map  Early Childhood Development  Childhood Development Work  Ukraine Crisis Response  Abundant Life Garden  Development  Childhood Development  Assets Builds Resilience   Episcopal Relief,8
cseindia, Environment Training Institute  CSE Lab Study  training programme  Programme Support FSSM  Anil Agarwal Environment  CSE training programme  Urban Water Management  Technical Support Unit  India Environment Portal   Agarwal Environment Training,8
4chan, Enable JavaScript  cookies to continue  Enable  continue  JavaScript  cookies  JavaScript and cookies   moment,6
drugspowerstore, drugspowerstore.com drugspowerstore.com  drugspowerstore.com  Privacy Policy  Reserved  Policy  Privacy   Copyright,0
astrojyoti, Vastu Shanti Pooja  Patanjali Yoga Sutras  nakshatra shanti poojas  Gita  Bhagavad Gita  Holy Pooja Shankha  Shanti Pooja  Bhagavad Gita recital  Full Bhagavad Gita   Gita Lord Krishna,8
bravotube, Big Black Cock  MILF Richelle Ryan  Richelle Ryan  Tori Black  Amy Brooke  big tits enjoys  years  big tits  site   Added,8
ncac, NCAC Book Censorship  National Coalition  School Officialsfor Artistsfor  Free Expression  JOIN NCAC  Art Administratorsfor Activistsfor  Youth Free Expression  Free Expression Program  Resource CenterYouth Censorship   Free Expression Film,5
semyanich, Bad gateway  Bad  gateway error  Cloudflare Ray  Error  gateway  Working semyanich.com  Working  Error code   bad gateway error,8
sakhr, SolutionSchool Management SystemSMS  Management SystemSMS OverviewSMS  Sakhr Software  SolutionSchool Management  Management SystemSMS  School Management System  Management  Arabic language technology  SakhrAbout SakhrOverviewContact UsSolutionsMachine   Portale-Portal SolutionSchool Management,8
azartplay, CONTRACTOR  domain  Buyer Protection Program  secure domain ownership  domain ownership  Dan.com  services  party service providers  VAT exampleThe VAT   domain ownership transfer,4
humanrightsfirst, Asylum Seekers  Systemic Injustice  Work  Join the Work  Asylum  Afghan Legal Assistance  Google Privacy Policy  Injustice  Seeking Asylum   Human,0
shamash, Shamash Hadash  Kehillot  Hadash  Shamash  Clear  content  glass  gazed  transparency   Clear Kehillot,8
mynews-in, Found error  requested URL  URL  Additionally  server  request  handle the request  requested  error   Found,8
fuckingfreemovies, ago  week ago  Asian  days  day ago  Asian teen  Thai  Big  teen   days ago,8
ukr, denied  Access  Error  site  code  Error code  site owner  owner  UTC   Access denied,8
from-ua, restrict access  Access  denied  Cloudflare  UTC  website  Ray  restrict  enable cookies   Access denied,8
2shared, service  file  Copyright Infringement  Terms  file upload  Copyright  Policy  files  Customer data   Privacy Policy,0
freespeech, ICANN  domain  ICANN Working Group  ICANN Expected Standards  Losing FOA  ICANNTags ICANN  Transfer Security  transfer  Working Group   ICANN Transfer Policy,4
debate, Christian response  Qur’an’s Documentary Evidence  Attraction of Islam  Qur’an’s Manuscript Evidence  States of Christ  Christian  Qur’an’s Archeological Evidence  Christian ’s Response  Christian Muslim   Christian Muslim Debate,8
pocciy, POC  POC Skull Comp  Pocciy.com  POC Ski Helmets  Privacy Policy  Helmet  Policy  POC Ski  Notice   POC Skull,0
earth-liberation-front, situs online poker  Life Oregon Lotto  situs poker online  Limit Omaha Poker  Situs Judi  Omaha Poker Players  situs bisa Anda  Oregon Lotto Game  Pragmatic situs judi   Earth Liberation Front,0
digg, Cordillera Peoples Alliance  Future Council Peace  Global Futures Forum  Alliance Impact Report  Action Alert  World Future  Campaign Report  Action  Blog Post   World Future Council,8
r, Search SettingsAOL Web  Search results  AOL Search  search results open.In  AdsPowered by Bing  explicit adult content  Search  filter resultsOpen search  explicit content   AOL Search SettingsAOL,8
freeservers, United Online Web  Web Services  Web Hosting Services  Online Web  United Online  UOL Web Services  UNITED ONLINE COMPANY  Free Web Hosting  Web Hosting Packages   Online Web Services,5
en, Apps Ресурсы Поддержка  Google Apps Ресурсы   WordPress Плагины WordPress,8
oblicomorale,  Pinterest Електронна пошта,8
news,  FMCG Новини компаній,8
lgbt, LGBT Sexual Health  Foundation Training Academy  LGBT Foundation Housing  LGBT Patient Experience  LGBT Foundation  Equality Wins LGBT  Manchester LGBT Extra  LGBT Domestic Abuse  LGBT IDVA Greater   LGBT Foundation Training,1
abcnews, ABC NewsVideoLiveShowsClimateInterest Successfully  Privacy RightsChildren Online  RightsChildren Online Privacy  Online Privacy PolicyInterest-Based  State Privacy  Online Privacy  Online Privacy Policy  ABC  Children Online Privacy   State Privacy RightsChildren,0
bitcomet, GUI Bugfix  Core Improve  GUI  Core Bugfix  improve  Bugfix  HTTP task  option window  torrent list   GUI Improve,8
itc, Found  nginx   Found nginx,8
hotmail, account requires JavaScript  Microsoft account  account requires  requires JavaScript  Microsoft  JavaScript  account  browser  requires   Microsoft account requires,8
grandonline, Play for Real  real  Money  JackpotPlay for Real  Beats Jackpot Play  Jackpot Play  Wild Jackpot Play  Space Jackpot Play  Wizard Jackpot Play   Real Money,8
blizzard, IIIAction RPGDiablo IIIAction  RPGDiablo ImmortalAction RPGDiablo  ResurrectedAction RPGDiablo IIIAction  ImmortalAction RPGDiablo ImmortalAction  ImmortalAction RPGDiablo IIIAction  IIIAction RPGDiablo ImmortalAction  RPGDiablo IIIAction RPGStarCraft  RPGDiablo ImmortalAction RPGHearthstoneStrategy  GameDiablo ImmortalAction RPGDiablo   RPGDiablo IIIAction RPGDiablo,8
freewebspace, Web Space  Free Web  Switch Web Hosting  Dedicated Free Web  Free Web Spaceby  Web  Web Space servers  Web Space ensure  Account Signup   Free Web Space,5
earthaction, World Future Council  Action Alert  Global Futures Forum  Blog Post  climate change  Alliance Impact Report  Future Council Peace  Action  World Future Day   Cordillera Peoples Alliance,8
ihrc, Palestine Campaign  Genocide Memorial Day  Zakzaky Campaign  IHRC  Report an Incident  Prison Packs Campaign  Packs Campaign  Decolonial International Network  Campaigns   Campaign,8
feministing, Hillsboro High School  High School  Hills High School  span style  School High School  Barton High School  Feministing  Support Feministing  Senior High School   Denfeld High School,8
bakerlawfirm, Found  HTTP  Status  Louis  pageFeaturesPricingLog InHomeFeaturesPricingAsa BakerDad  photosAsa Baker  date browsers  newer browser  Asa Baker   HTTP Status,8
atimes, Buy Steroids Online  Testosterone Cypionate  HGH injectionsBuy Primobolan  steroids  HGH  buy Testosterone Cypionate  Online Steroids  Buy Restylane online  buy HGH   Clenbuterol onlineCheapest HGH,0
rutracker, DVD Video  DVD видео Музыкальное   Macintosh Игры для,8
gulag, endobj  obj  Type   endstream endobj,8
childrenscinema, full functionality  enable  JavaScript  full  functionality  site  web browser  browser  instructions   enable JavaScript,6
lgbtmap, LGBTQ Youth Laws  Transgender Youth Sports  LGBTQ Movement Capacity  LGBTQ Youth  LGBTQ adult population  Transgender Youth  LGBTQ Equality  LGBTQ Equality Maps  Crime Laws   LGBTQ People Raising,8
wwf, Panda Symbol WWF  WWF Registered Trademark  WWF Independent review  World Wildlife Fund  WWF  WWF Independent  WWF International  Symbol WWF  WWF Registered   World Wide Fund,8
6ott-mit-uns, uns  LiveJournal User agreement   mit,2
russialist, Block Technical Data  Technical Data  Wordfence blocking  Wordfence at Wed  Apr  site  learn about Wordfence  Generated by Wordfence  Wordfence to manage   Wordfence,8
grindr, Grindr LLC  LGBTQ community  Grindr for Equality  Privacy Policy  LGBTQ  Personal Information  Community Guidelines  Grindr feature  Grindr users   Grindr,7
maidanua, War Crimes  Russian War Crimes  War   War Crimes Documentation,8
mister-tt, Italiano Русский Українська  RSS Reader  User agreement  accept LiveJournal User  LiveJournal  account  User agreement mister  Log   LiveJournal User agreement,2
casinoking, full experience  browser  Casino Club  experience  full  browsers  version  Google Chrome  Club   Download,8
absinth, Vintage Absinthe Reproduction  Logan Fils absinthe  Vintage Absinthe  Absinthe Ritual  Absinthe Production  Fils modern absinthe  Pernod Fils  Absinthe Accessories  Logan Fils   Absinthe,8
ilga-europe, European LGBTI movement  LGBTI  LGBTI movement  LGBTI organisations  Central Asia  Europe and Central  LGBTI organisations work  Europe  European LGBTI   LGBTI people,8
ihf-hr, Central Helsinki Hotell  OSCE Human Dimension  Helsinki Federationfor Human  Hotell Helsingfors  Hotel Art Helsingfors  Central Asian OSCE  Grand Central Helsinki  Plaza Helsinki Hotell  Marina Hotell Helsingfors   International Helsinki Federation,8
anonymitychecker, CONTRACTOR  Domain Brokerage Services  Brokered Domain  API Transactional Services  Rental Agreement  SERVICE PROVIDERS  transfer service provider  domain  services   PARTY SERVICE PROVIDERS,4
gamespot, Wars Jedi  Star Wars Games  Wars Jedi Survivor  Star Wars  Jedi Survivor Guides  Free Prime Games  Jedi Survivor  Star Rail Redemption  Wars   Star Wars Jedi,8
delicious, Delicious  Privacy Policy  Delicious Content  User Content  data  Terms  personal  information  Privacy   Personal Data,7
hrea, International Youth Day  International Day  World Day  HREA Events  Day  Earth Day  Youth Day  Human Rights Education  Current Projects   International Earth Day,8
bit, Bitly  URL  URL Shortener  Bitly Link Management  short URL  Code  custom URL shortener  Free Link  Codes   Free Link Shortener,8
merchant, Merchant WebMoney Transfer  directory not found  WebMoney Transfer  Merchant WebMoney  File  Merchant  Transfer  WebMoney  Server Error   File or directory,8
forums, famous classical music  popular classical music  classical music composers  Classical Music Album  Kickass Classical  Kickass Classical Forums  top Classical Music  Kickass Classical Top  Classical features Classical   Classical Music,8
leteha, Danilin Pavel  commentShareFlag Дневники информационной  Pavel Вот для   Danilin Pavel Вот,8
beerinfo, Open Beer Championship  World Beer  Beer Cup  Open College Beer  Open Cider  Brewing Company  Craft Beer Releases  Brewing Company Brewing  Open College   World Beer Cup,8
emule, EUR  domain  Domain Marketplace  Sedo Domain  domain emule.com  GBP  USD  Sedo  offer   Sedo Domain Marketplace,4
donnerwort, Italiano Русский Українська  User agreement donnerwort  LiveJournal User agreement  Privacy Policy   Pussy Riot,2
gayegypt, Gay PrideLos Angeles  Gay PrideMaspalomas Winter  Gay PrideSydney Margi  Gay PrideWashington Capital  Circuit FestivalBerlin Gay  Angeles PrideMadrid Gay  Beach PrideMunich Gay  LGBTQ Friendly  Gay   LGBTQ Friendly Egypt,8
weedfarmer, Cannabis Growing Guide  Buy Cannabis Seeds  Cannabis  Cannabis Seeds  buy Weed Seeds  Cannabis Growing  Cannabis seeds growing  Cannabis Grow  Cannabis Sites   Cannabis Grow Guide,8
3a-pycb,  LiveJournal User agreement,2
reinform, Italiano Русский Українська  User agreement  LiveJournal  community  accept LiveJournal User   LiveJournal User agreement,2
alexabarboss, Alex Sss  Alex Sss Киев  FacebookПоделиться в Pinterest   Pinterest Ярлыки,8
shia, Contact E-Mail  Islamic Organizations  Contact  Imam Ali  Islamic  Number  Important Muslims  Islamic Education Center  Phone   Phone Number,8
aidsalliance, Frontline AIDS  World AIDS Day  Frontline AIDS stands  Frontline AIDS staff  Frontline AIDS offers  FRONTLINE AIDS UKRAINE  AIDS  AIDS Day  AIDS partnership   Frontline AIDS partnership,8
ukrainianweek, Ukrainian Week  Week LLC  Ukrainian Week Share  Ukrainian  Ukraine  Russia  Week  Russian   Ukrainian Week LLC,8
gurby,  Internal Server Error,8
weblogs, Hardware Tagged ssd  Status Updates  Resources Tagged cpanel  Weblogs.us servers continue  Resources Tagged  Continue reading  Status  Weblogs.us blog  Hardware Tagged   Status Updates Tagged,8
blackblocg, Tutorial Google Adsense  konten google adsense  Berita Terkini Internasional  adsense indonesia internasional  menulis konten google  Portal Berita Online  Tips Menulis Konten  Google Adsense  Berita Online Terbaik   Google Adsense Indonesia,0
neonjoint, Business Phone System  Cloud Contact Center  Cookie Consent plugin  GDPR Cookie  Cookie Consent  Customer Success Program  contact center solutions  Broadvoice Success Program  Contact Center   GDPR Cookie Consent,8
depositfiles, Unknown Error Invalid  incorrect Unknown Error  read Cookie Policy  Unknown Error Complete  Location Current password  password  enter  Policy  Cookie Policy   Web Shield Limited,8
cannaweed, pour  par  sur les  sur  des  cannabis  pas  pars sur une  Topic Unique   les,8
delicates, Lingerie  Sexy Lingerie Sets  Open Lingerie Set  Lingerie Collection  Add to Wishlist  Sexy Lingerie  Lingerie Blog  Lingerie Sets  Thong Lingerie   Pearl Thong Lingerie,8
avert, HIV information page  hiv hiv sex  HIV information  HIV testing resources  HIV testing  HIV personal stories  Healthworkers’ HIV Hub  HIV timeline  living hiv hiv   HIV,7
cwgl, CWGL Leadership Member  Women Global  CWGL Team Member  Global Leadership  CWGL Affiliates Member  CWGL Advisory Board  CWGL Team  Women  Rutgers SAS Navigation   Women Global Leadership,8
hoteljans, Restaurant Jans  Hotel Jans  Hotel Restaurant  bij Hotel Restaurant  Restaurant Jans een  Jans  Restaurant Jans beschikt  Hotel  Restaurant   Hotel Restaurant Jans,8
iavi, International AIDS Vaccine  HIV vaccine research  HIV vaccine  AIDS Vaccine  IAVI HIV prevention  Infectious Diseases Vaccines  IAVI  AIDS vaccine research  HIV vaccine candidates   AIDS Vaccine Initiative,8
abcunderwear, Men Underwear Clearance  Men Underwear Men  Clearance Men Thongs  Clearance Men Swimwear  Men Bikini Underwear  NDS Wear Underwear  Men Bikini Swimsuits  Men Thong Swimsuits  Clearance Men Costumes   Clearance Men Underwear,8
godalone, Worship  God   Worship God,8
community, Skill Gaming  Gaming Region  Destination Category  GAMES skill gaming  Life  PickPick a Destination  Life Destination Guide  Linden Research  Editors' PickPick   Skill Gaming Region,8
ectaco, Translation Software  Software Collections  Talking Electronic Dictionaries  PDA Electronic Dictionaries  Language Learning  Foreign Language Learning  Windows translation software  Software  Text Translation Software   Electronic Dictionaries,8
diplomaticsecondpassport, Passport Offers  diplomatic passport  Ireland Passport  Paraguay Passport  Brazil Passport  Bulgaria Passport  Cyprus Passport  Montenegro Passport  Nicaragua Passport   passport,8
iyfnet, Enable JavaScript  cookies to continue  Enable  continue  JavaScript  cookies  JavaScript and cookies   moment,6
businessweek, Cookie Policy  robot  reference  Contact  Service and Cookie  JavaScript and cookies  review our Terms  Policy  cookies   Bloomberg,8
globalfire, DIE TREUEN FREUNDE  LiteSpeed Technologies Inc.  und  Hintergründe und Täter  Wissen ist Macht  Technologies Inc.  Medienerzeugnisse der Antideutschen  Feuer der Wahrheit  die   Found,8
idea, Democracy  Publications Publications Overview  International IDEA Policy  IDEA Policy Paper  Work Overview  Global Democracy Coalition  Policy Papers  Global State  IDEA   International IDEA,0
delo, Online Web Services  United Online Web  Web Services  United Online  Web site today  Web Hosting Services  Web Hosting  UOL Web  Web site   UOL Web Services,5
darknet, Download Hacking Tools  Web Hacking Software  latest hacking tools  Networking Hacking Tools  Range Discovery Tool  Key Cracker Tool  Hacking  hacking-windows hacking tool  Crackable WPA Key   Hacking Tools,8
thepiratebay, Bay  resilient BitTorrent site  BitTorrent site  Pirate  galaxy most resilient  resilient BitTorrent  Download music  Torrents  site   Pirate Bay,8
guardian, Guardian Puzzles app  Guardian Puzzles  Brett Kavanaugh assault  Video  Guardian Licensing  Guardian Australia  Brett Kavanaugh  Australia edition switch  Guardian Australia newsletters   Guardian,8
tanzil, Tanzil  Quran  Navigator   Quran Navigator,8
btselem, page  reload the page  DDoS  society  turn  JavaScript  reload  protection  civil   moment,8
deathmetal, Death Metal Underground  Death Metal  black metal  Metal  Metal Underground  Metal Underground.Death Metal  Editionby Brett Stevens  black metal metal   Brett Stevens,8
pornolab,  PornoLab.Net,1
gayscape, Live Guys Cams  Free Users Chat  Star Video Archive  Private Video Preview  FREE Unlimited Access  Adult Star Video  Webcam Show  hour Feature Shows  Guys Cams   Private Webcam Show,5
hon, Foundation  Net  Health   Net Foundation,1
foxnews, Privacy Choices Closed  Closed Captioning Policy  Fox  Choices Closed Captioning  Facebook Twitter Instagram  Privacy Policy  Twitter Instagram RSS  Fox Nation  Instagram RSS Email   FactSet Digital Solutions,0
aleph, Public Relations Department  Aleph  Aleph （アレフ）  Public Relations  Aleph 広報部の許可なく配布・掲載することを禁止します   Aleph （アレフ） 公式サイト,8
chertog, linkpost comment Мои  comment Мои  User agreement Склад  LiveJournal User agreement  LiveJournal  accept LiveJournal User   comment Мои твиты,2
earthwatch, Support Scientific Research  Earthwatch  Research Focus Areas  research expeditions  Student Group Expeditions  Earthwatch Expedition  Earthwatch Research Expedition  Group Expeditions  Earthwatch Institute   field research expeditions,8
eluniversal, VER MÁS  Universal  NOTA DE PRENSA  MÁS  Diario  VER  EDICIÓN DEL DÍA  del  los   Diario El Universal,8
hizb-ut-tahrir, Tahrir  die  Hizb  Bin Khalil Abu   Hizb ut Tahrir,8
inter,  Inter,8
domainnamesales, Copyright  Buy this domain  Privacy Policy  Reserved  Policy  Buy  domain  Privacy   vsezoo.com,0
hotgaylist, votes 06:24 min  votes  min  votes 03:27 min  gay porn videos  votes 05:16  votes 05:32 min  votes 05:04 min   votes 05,8
ifge, Gender Identity Disorders  International Foundation  IFGE Annual Conference  Rush Transgender Conference  Gender Identity  Foundation for Gender  Gender Education Commemorates  Annual Transgender Day  IFGE Capital Conference   Gender Education,1
caseofpussyriot, Pussy Riot провели  Pussy Riot три   Pussy Riot,8
feminist, Feminist Majority  Majority Foundation  Girls Learn International  Feminist  Afghan Women  Women  Feminist Campus  Feminist Jobs  Majority   Feminist Majority Foundation,1
anaitiss, Italiano Русский Українська  User agreement  LiveJournal  accept LiveJournal User  account   LiveJournal User agreement,2
alt, contact Customer Service  Magnolia Blossom  Terms  Dating Services  BDSM  content  Customer Service  Internet Dating Safety   SERVICES,4
anonym, anonym.to link everything.  links  anonym.to  anonym.to link  Script  link  global templates  link everything. anonymously  link everything.   anonym.to anonym.to link,8
laborrights, Forced Labor  International Labor  Labor  LaborEnding Forced Labor  Tobacco FarmersFair Labor  Global Labor Justice-International  Labor Rights Forum  Global Labor  Global Labor Justice   Labor Justice-International Labor,8
ccrjustice, Immigration PracticesCorporate Human  War Crimes  CCR Annual Report  Center  Constitutional  Abusive Immigration Practices  Records ProjectSouthern Justice  Bertha Justice Fellows  CCR   Center for Constitutional,8
lurkmore, coffee   english buy,8
anonymsurfen, Vollständige Meldung bei  Meldung bei  Anonym Surfen  Vollständige Meldung  das anonyme Surfen  bei ZDFheute  komplett anonym Surfen  Meldung  Trainer Thomas Doll   Meldung bei ZDFheute,8
wsj, Wall Street  Dow Jones  Dow Jones Reprints  Street Journal  Real EstateMoreReal Estate  Jones ProductsBarron'sBigChartsDow Jones  Jones BusinessesDow Jones  StoriesAdsAdvertiseCommercial Real Estate  Real Estate AdsPlace   Wall Street Journal,8
barmeister, credentials  bad password  document requested  requested  authorized to access  access the document  bad  password  required   Unauthorized,8
exscn, Message Board  Scientologist Message  Scientology  Messages  Search  Search titles  Board  Search forums  Replies   Scientologist Message Board,8
bat, British American Tobacco  BAT Canada recognised  Skip General Navigation  BAT  Imperial Tobacco Canada  Navigation Set  ESG Report  American Tobacco  BAT Canada   General Navigation Set,8
tyzhden, auditoriumТарас ЛютийОлексій СокиркоВіталій   Skovoroda auditoriumТарас ЛютийОлексій,8
facebook, browser window.Join Facebook  Facebook  Facebook Graph API  Meta Pay  supported by Facebook  Meta  window.Join Facebook  simpler version  version to give   Facebook Lite Facebook,8
another-kashin, LiveJournal User agreement  Italiano Русский Українська  User agreement  accept LiveJournal User  User   User agreement Кашин,2
bfed, Server Default Page  Server Default  Web Server  Default Page  Server  Default  Web  Page  Web site   Web Server Default,5
89, Free Porn  Free  Porn  Free porn SEX  Free Dating  Porn Search  FREE PORN VIDEOS  Free Adult Directory  Straight Porn Search   Dating,5
dan, party service providers  domain ownership transfer  domain  services  Brokered Domain  service providers  Client  Dan.com  domain ownership   CONTRACTOR,4
getdrupe, Party Services  app  information  services  Users' Personal Information  collect Personal Information  communication apps  Personal  sell personal information   Personal Information,7
ilga, ILGA World resources  ILGA World maps  Bodies Annual Reports  Legal Mapping Report  ILGA World Conference  ILGA World Board  ILGA World Annual  Sex Characteristics Programme  Making Rainbow Waves   ILGA World,8
goarch, Greek Orthodox Church  Greek Orthodox  Orthodox Archdiocese  Orthodox Christian faith  Greek Orthodox Parish  Greek Orthodox Christian  Nicholas Greek Orthodox  Holy Eparchial Synod  Eminence Archbishop Elpidophoros   Greek Orthodox Archdiocese,8
surfshield, Peluang Bisnis Online  Bisnis Online Sukses  Bisnis Online  Membuat Bisnis Online  Bisnis Online Wajib  Kelemahan Bisnis Online  Bisnis Online Terbaik  Sukses Bisnis Online  Rekomendasi Peluang Bisnis   Bisnis Online Yang,0
ww1, information  Personal  Privacy Policy  SERVICES  including Personal Information  collect Personal Information  Personal Information protection  Privacy  personal information stored   Personal Information,7
pictureview, Interactive Classifieds Network  Network Corporation  Classifieds Network  Interactive Classifieds  Free Demo  PictureView  Demo  Sign   Classifieds Network Corporation,8
drugs-forum, Journal Entries  Journal Comments  Recent Posts  Reviews  Drug Test Kits  Links  Spot Test Kit  Journals List  Media   Quick Links,8
ipress,  Economist Переклад iPress,8
advisor, JavaScript enabled  work properly  properly without JavaScript  WebMoney  enabled  AdvisorWe  advisor-front  work  properly   WebMoney AdvisorWe,8
familycareintl, Information  Privacy Policy  Personal  SERVICES  Privacy  including Personal Information  collect Personal Information  Personal Information protection  Policy   Personal Information,7
globalequality, Non-Profit Soapbox  Global Equality  Report Cards  Global  Page  Council  Informed  Page Not Found  Finances   Found,8
company, Wizards Play Network  Fan Content  Game Services  Wizards  Information Collected Automatically  Privacy Policy  contact data  service  Personal Information   Fan Content Policy,7
psyplants,  DWC and SOILLED,8
ijm, IJM  Gift Catalog  IJM Gift Catalog  Gift  Freedom Partner  Monthly Gift  Monthly Gift Amount  Enter Monthly Gift  Justice Mission   International Justice Mission,8
catholicsforchoice, Press Center  Catholics  Conscience Magazine  Catholic Healthcare  Catholic  Conscience  Reproductive Equity  Catholic Social Justice  reproductive freedom   Catholics for Choice,8
insecure, Nmap  Nmap version detection  Nmap Scripting Engine  Daniel Miller  Nmap XML output  Nmap Network Scanning  Nmap Security  Nmap Public Source  Patrik Karlsson   Nmap Security Scanner,8
christianity, Bible  God  Bible Study Tools  Bible Trivia Challenge  God Hear  Bible Baseball  Bible Jeopardy  Large Print Bible  Jesus   Bible Trivia,8
teenadvice, Great Outdoors  Career Paths  Humor  Business Ownership  Web Humor  Performing Arts  Political Humor  Visual Arts  Arts   Cookies Settings Accept,8
ceceurope, CEC General Assembly  European Churches  Churches  Cookies  CEC General  Apr  General Assembly  Middle East  European   CEC,8
minorityrights, Cookie Consent plugin  GDPR Cookie  Cookie Consent  cookie  Group International newsletter  cookie is set  cookies  user consent  cookies store information   GDPR Cookie Consent,8
progressio, development worker  worker experiences blogWhat  blogDevelopment worker experiences  worker experiences  Progressio ICS  Progressio ICS volunteers  blogICS blogDevelopment worker  blogsJobsDevelopment worker FAQsWhat  questionsVolunteer blogsJobsDevelopment worker   Development worker experiences,8
vienna, Colorful List Accent  Colorful Grid Accent  Light List Accent  List Table  Light Grid Accent  Grid Table  Locked  Dark List Accent  img src   LsdException Locked,8
bbc, morenextArticle share toolsFacebookTwitterShareView  Search BBC Search  share toolsFacebookTwitterShareView  share optionsShare  BBC  Search BBC  morenextArticle share  menu Search BBC  optionsShare this postCopy   BBC Search BBC,8
ifj, IFJ Middle East  IFJ China Portal  IFJ  IFJ Asia Pacific  IFJ China  Latin America  IFJ World Congress  Federation of Journalists  International Federation   IFJ Latin America,8
gotgayporn, Gay Group Sex  Gay Sex Toys  Gay Sex  Gay Voyeur Sex  views  Live Sex  Sex  Gay Massage Porn  Gay Porn   Young Gay Sex,8
leontiev, LiveJournal User agreement  User agreement Добавить  User  User agreement   User agreement Мои,2
hacktivismo, para  una  las  por  Zoom  como  los píxeles  seguridad  para los   los,8
dd-rd, xapMM  Resource  rdf  stRef  stMfs  Type  endstream endobj  Inches  Resources   reference rdf,8
imdb, STARmeter Award  Upcoming Action Movies  IMDb  IMDb STARmeter  Popular MoviesBrowse Movies  Favorite STARmeter Award  Popular CelebsMost Popular  Movies  Award   IMDb STARmeter Award,8
ingushetiyaru, online slot paten  Smart Glasses Part  Slot Paten Bull  World Poker Tour  Slot Paten Book  game slot paten  Top World Sunglasses  Sunglasses Brands Part  World Sunglasses Brands   Slot Paten,0
appzplanet, Torrent download X-Art  TORRENT RAPIDSHARE DOWNLOAD  Torrent download Met-Art  Torrent download Advanced  APPZ TORRENT RAPIDSHARE  FULL APPZ TORRENT  DOWNLOAD  download X-Art Video  RAPIDSHARE DOWNLOAD ISO   Torrent download,8
democracycaucus, Democracy Coalition Project  Community of Democracies  Nations Democracy Caucus  United Nations Democracy  Democracy  Democracy Coalition  human  Democracies Convening Group  Human Rights Council   Democracy Caucus,8
lib,  obivatel про Дашко,8
de,  Loading,8
komtv, Enable JavaScript  cookies to continue  Enable  continue  JavaScript  cookies  JavaScript and cookies   moment,6
ilo, ILO  International Labour  Labour  work  International Labour Conference  international labour standards  Safety and health  decent work  social   International Labour Organization,1
care, CARE  CARE works  CARE Package  Text CARE  Français Português Español  Original CARE  Global Advisory Council  CARE response  Resources Archive   Original CARE Package,8
dfid, International Development  Web Archive  Government Web  Found  web  Department for International  correct web address  correct web  Development   Government Web Archive,5
8thstreetlatinas, Street LatinasSophia Leone  Street  Street LatinasMonica Asis  Street LatinasGina Valentina  Street LatinasAlina Lopez  Street LatinasLuna Star  Street LatinasValentina Jewels  Street LatinasNicole Rey  Street LatinasVictoria June   Street Latinas,8
idsoftware, Software  ENGLISH  language  country  FRANÇAIS  DEUTSCH  Date of Birth  ITALIANO  ESPAÑOL   Software id Software,8
banking, WebMoney авторизация АвторизоватьсяWebMoney.Login  Webmoney Для   Webmoney Для работы,8
wkkf, Mission Driven Investments  Foundation Annual Report  Diverse Managers Program  Kellogg Foundation  Resource Directory  Driven Investments  Managers Program  WKKF Web Applications  Kellogg Foundation Trust   Kellogg Foundation Annual,1
betway, Enable JavaScript  cookies to continue  Enable  continue  JavaScript  cookies  JavaScript and cookies   moment,6
actionaid, ActionAid International RSIN  Vereniging ActionAid International  International RSIN number  ActionAid  Combatting Modern Slavery  International  International RSIN  ActionAid International shows  Modern Slavery   ActionAid International,8
europacasino, Casino  Entertainment Services Malta  Services Malta Limited  Online Casino  Universe Entertainment Services  online casino games  casino games  Trusted Online Casino  Europa   Europa Casino,0
in, article with imageApril  article  Thomson Reuters  article with videoApril  opens  Biden South Korea  Fox Corp media  Tucker Carlson  Tucker Carlson part   article with galleryApril,8
bicommunitynews, issue posts newsfeed  BCN  LGBT groups call  issue posts  LGBT groups  BCN issue  Local Groups  BCN team  group   BCN issue posts,8
daymohk, slot online anda  Slot Online  Slot Online Banyak  Slot Online Bonus  Slot Online Gacor  Judi Slot Online  slot online yang  Slot Online Indonesia  Slot Online Terbesar   Situs Slot Online,0
queerussia, form  completely  filled  queerussia.info  Address  offer  optional  Buy this domain  USD   filled out completely,4
MainLinesEast, Buffalo Central Terminal  Railway Historical Society  Railroad Historical Society  Official Home Page  Model Railroad Club  Home Page  Society Home Page  Buffalo Railroad Photos  Railroad Links Page   Railroad Home Page,8
fteproxy, fteproxy  Kevin  Dyer  tor  Tor Browser Bundle  PGP SIGNATURE  Tor Browser  OSX  END PGP SIGNATURE   Kevin P. Dyer,8
opportunity, Opportunity International  Opportunity International partners  Opportunity International works  Opportunity International Financial  Opportunity Book  Opportunity International Governor  Financial Services  Digital Financial Services  Financial Reports   Opportunity Book Club,8
eccouncil, Certified Cloud Security  Application Security Engineer  Certified Application Security  Certified Threat Intelligence  Threat Intelligence Analyst  Certified Security Specialist  Democratic People Republic  Certified Cybersecurity Technician  Cloud Security   Cloud Security Engineer,8
ebaumsworld, Featured  Views  Suspicious Things People  Funny  Things  Italian Girls Mocked  Interesting Things  Comments  people   Featured Yesterday,8
emchurch, Methodist Church  Evangelical Methodist  Evangelical Methodist Church.Give  Learning Center Campaign  Church  local Evangelical Methodist  South Gray Road  Heritage Learning Center  Jesus Christ   Evangelical Methodist Church,8
agentprovocateur, Agent Provocateur  Agent Provocateur experience  Plunge Underwired Bra  size Account Details  full Agent  United States  Underwired Bra  Agent  season   full Agent Provocateur,8
heritage, Health Care Reform  Establishment Clause  Establishment Clause concerns  min read  Health Care  Heritage Foundation Research  Free Exercise Clause  Kevin Roberts Show  United States   Heritage Foundation,1
ita, Ludendorff und Frau  Die Juden der  die  daß die Juden  die Juden die  für die Juden  der  die Juden das  der Juden   die Juden,8
greennet, Legal information Complaints  Internet services  Internet  web  Bethnal Green  Oxford House  Derbyshire Street  work  practice Legal information   GreenNet,7
endryx, Italiano Русский Українська  User agreement  LiveJournal  FAQ search page  FAQ   LiveJournal User agreement,2
ru, Tucker Carlson Fox  Images Photo  Tucker Carlson  Tucker Carlson CNN  Carlson Fox rise  Getty Images  American Idol Top  Carlson Fox  Vampire straw   Getty Images Photo,8
world, TIME USA  Time  South China Sea  Anchor Claims China  California Privacy  TIME Health  TIME Guide  TIME Labs  TIME Apps   TIME Vault,8
drugoi, figure aentry-post  figure class  figure  div class  aentry-post  fullscreen aentry-post  SCANPIX   Getty Images,8
south-gir, Entries Friends Archive  Friends Archive Profile  LiveJournal User agreement  RSS Мертвый дом  RSS Reader  commentsLeave a commentShareFlag  Tags   friends RSS Мертвый,3
navalny, Found  Islands  nginx  Domain  Republic  Island  Saint  zona.me  Sav   Found nginx,8
limonka, Start payment plan  Start payment  Buy  Start  payment  payment plan  WhoIs Privacy Protection  Privacy Protection  domains   domain,0
backtrack-linux, Penetration Testing  Testing Distribution  BackTrack  Linux  Penetration  Distribution  BackTrack Linux  Testing  Kernel   Penetration Testing Distribution,8
lambdalegal, Legal Docs Archive  Lambda Legal lawyers  Legal  link leads  Lambda Legal helped  Lambda Legal cases  Lambda  Legal Docs  Legacy Case Archive   Lambda Legal,8
phrack, code  RKP  Mechanical Phish  Cyber Grand Challenge  Phrack  Phrack Staff  RKP Exception Handlers  START CODE  guest system memory   Phrack Magazine,8
guerrillagirls, College Art Gallery  STREET PROJECTS  art  Museum für Kunst  GUERRILLA GIRLSGuerrilla Girls  und Gewerbe Hamburg  University Art Gallery  Guerrilla  Kunst und Gewerbe   Guerrilla Girls,8
gaytoday, Enable  Date and Time  Address Date  Enable JavaScript  service  Cookies  security service  online attacks  protection against online   Enable Cookies,6
hackforums, Site Challenge  Hack Forums  reload the page  Cookies and reload  reload  Forums  page  enable Cookies  Cookies   Challenge,8
vdagestan, WordPress Hosting  Hosting  WPX  Website Disabled  WordPress  Disabled  Website   WPX Hosting,5
gayzona, full functionality  enable  JavaScript  full  functionality  site  web browser  browser  instructions   enable JavaScript,6
vsyapravda,  Result Политика Экономика,8
hrpublishers,  Human Rights Publishers,8
eea, Information System  official European Union  European Information Systems  European Union website  European Environment Information  European Union  European Environment Agency  information systemsBiodiversity Information  systemsBiodiversity Information System   Water Information System,7
transsexual, life  gender  time  hormones  sex  transition  body  surgery  Physical Sex   transsexual,8
hivandhepatitis, European AIDS Conference  EASL International Liver  International AIDS Conference  HIV Prevention Conference  AASLD Liver Meeting  AIDS Society Conference  Reduction International Conference  International AIDS Society  AIDS Conference   International Liver Congress,8
freeexpression, Free Expression  JOIN NCAC  Free Expression Network  ProgramYouth Free Expression  ArtYouth Free Expression  National Coalition  Expression  Free Expression ProgramKids’  School Officialsfor Artistsfor   Free Expression Film,5
afew, AFEW Partnership  EECA INTERACT  AFEW International  AFEW Academy  AFEW  Capacitating Public Health  Public Health  Solidarity Programme  Health Initiatives   Public Health Initiatives,1
lifestream, Harry Belafonte prompts  Harry Belafonte  President Joe Biden  girlfriend Erin Darke  President Biden  Erin Darke  Tucker Carlson  legend Bob Newhart  President Biden economic   President Donald Trump,8
ifrc, Red Crescent Societies  Cross Red Crescent  Red Cross  International Red Cross  National Red Cross  Red Crescent Movement  Red Crescent  Red Cross Society  Red Cross Societies   Red Cross Red,8
bacardi, BACARDÍ Reserva Ocho  BACARDÍ Spiced Rum  SHARECELEBRATE HALLOWEEN BACARDÍ  HALLOWEEN BACARDÍ STYLERUM  BACARDÍ  RUMS BACARDÍ RUM  BACARDÍ Rum  BACARDÍ Coconut rum  BACARDÍ Carta   BACARDÍ Carta Blanca,8
hostgator, customer service team  HostGator  website  assistive technology  unable to read  read any part  customer service  service team  team will assist   HostGator website,4
euro, European health report  Health  European Health  European Health Information  European Public Health  Europe  European Immunization Agenda  European Programme  Public Health Week   European Immunization Week,1
arabnews, Saudi Arabia  cases Saudi Arabia  Saudi Cup  April  Sonia Ben Ammar  Saudi  MediaMEDIA POWER LISTS  Saudi Arabia continues  South Sudan   Saudi Arabia reports,8
beeg,  Beeg,8
nordrus-norna, User agreement nordrus  accept LiveJournal User  User agreement  User  LiveJournal User   LiveJournal User agreement,2
altavista, Gainesville Good  Good day  Web  Mock Draft  Yahoo Search  Gainesville  Good  Search queryTrending  Yahoo   Gainesville Good day,8
buddhanet, Tree Forest Monastery  Bodhi Tree Monastery  Bodhi Tree  Contact Bodhi Tree  World Buddhist Directory  Buddha Dharma Education  Tree Forest  Dharma Education Association  Vipassana Retreat Centre   Bodhi Tree Forest,8
login, WebMoney Keeper  Keeper  WebMoney Keeper WinPro  Keeper WinPro  Keeper WebPro  directory not found  WebMoney Keeper Standard  File  WmLogin   File or directory,8
uncyclopedia, community  Community Central  Central  Wiki  FANDOM Lifestyle Community  Sitemap  Explore  Wikis  valid community   Fandom,8
coquette, Pink Collection  Elite Packaged Line  Packaged Line  Coquette International  Franklin Blvd  Texas USA  Collection  Coquette  Pleasure Collection   Crystal Pink Collection,8
honduras, Políticas de privacidad  los  nuestro sitio  Speciality Coffee Expo  Global Speciality Coffee  Honduras  información  Términos y Condiciones  para   abril,8
moyashkola, Family and Friends   editionпоказать обложкуУчебники Биология,3
adultfriendfinder, Largest Adult Community  contact Customer Service  Find Adult Singles  Adult Friend  sex dating  Password reset link  Adult Dating  Adult Dating Site  Free Adult Dating   Adult Friend Finder,5
eln-voces, Quels sont les  Des  Remède naturel  est  une  naturel  sont les  pour  ses blocages avec   les,8
date, Dating  Online Dating  Privacy Policy  Man  members  app  start dating  seeking  woman   Find,0
amygoodloe, check the URL  page  URL  Found  exist.Please check  exist.Please  check  back  Page Not Found   Error,8
hackhull, People  hackHull  Unix  nix  updated  Electronics  Networks  ITX  Projects   Hull,8
benedelman, Harvard Business School  Google search  competition consumer protection  consumer protection  platforms advertising advertising  HBS Executive Education  American Airlines Checked  economics law management  Airlines Checked Bag   Google,8
fotolog, CBD Water  Guide Дмитра Врачарић  Doors Дмитра Врачарић  CBD  Net Worth  URL Shorteners   American Flag Proudly,1
babylon-x, Privacy Policy  Reserved  Policy  Privacy   Copyright,0
chadayev, LiveJournal User agreement  friends RSS chadayev  Entries Friends Archive  RSS Reader  Italiano Русский Українська  accept LiveJournal User   Friends Archive Profile,3
comohacerseunaborto, aborto con medicamentos  aborto  CON PASTILLAS  SOBRE ABORTO SEGURO  Sitios web  aborto con  Puerto Rico  República Dominicana  Costa Rica   aborto seguro,8
betfair, In-Play  Arcade games  Betfair Bonus Roulette  games play  Betfair Casino Limited  Counterparty Services Limited  PPB Counterparty Services  Betfair  place bets   Arcade games play,8
icrw, ICRW Africa  ICRW Asia  Research Protection Program  Paula Kantor Award  ICRW works  ICRW Advisors  Women  Research  Human Research Protection   ICRW,8
hindunet, Resource Center  Hindu Universe  Hindu Resource  Universe  Center  Hindu  Resource   Hindu Resource Center,8
ifex, free expression  United States  Central African Republic  IFEX  IFEX Statements  media freedom report  Press Freedom Index  United Arab Emirates  IFEX Twitter   United Kingdom,8
abortionno, CBR Abortion Photos  CBR Appeal Letter  CBR Photos  Genocide Awareness Project  PROLIFE RESOURCES Abortion  Pro-Life Intern Program  abortion photo signs  PROJECTS Genocide Awareness  Abortion Photos   RESOURCES Abortion Photos,8
chantelle, CHANTELLE  demi bra  Bras  Semi-Annual Sale  Unlined Underwire Bra  T-Shirt Bra  Sale  Chantelle bra fit  Smooth Demi Bra   BRA,8
euractiv, EURACTIV MEDIA NETWORK  European Commission  European Public Projects  EURACTIV European  EURACTIV  EurActiv Press Release  Featured Content  EURACTIV MEDIA  European   EURACTIV European Public,8
bestrussiandating, full functionality  enable  JavaScript  full  functionality  site  web browser  browser  instructions   enable JavaScript,6
datpiff, DatPiff  Authority  Generation  Youtube and Instagram  reload the page  Archive.org  Library accessible  Generation of DatPiff  mixtape releases   Authority In Mixtapes,8
okkupatsiya,  Loading,8
beer, Beer.com Domain PortfolioBeer.comDo  entire global beer  Domain PortfolioBeer.comDo  beer market  Beer.com Domain  PortfolioBeer.comDo you possess  possess the courage  courage and vision  entire global   global beer market,8
dailymail, Trust Global Gala  Corden Late Late  James Corden Late  Prince Trust Global  Late Late  James Corden  Late Show  Prince Trust Gala  James Corden final   Late Late Show,8
amvrosievka, Enable JavaScript  cookies to continue  Enable  continue  JavaScript  cookies  JavaScript and cookies   moment,6
coordmedcentr, MEGA DARKNET  mega mega сайт  DARKNET MARKET Каталог  MEGA   MEGA DARKNET MARKET,8
economist, Economist Newspaper Limited  Economist explainsWorldThe world  Economist  American economist  Economist Newspaper  Economist readsSummer readsChristmas  Economist readsSummer  World  World Trade Organisation   Economist GroupThe Economist,8
genderhealth, CHANGE Global Advocacy  Twitter IconA Twitter  Facebook IconA Facebook  GLOBAL FEMINIST ALLIANCE  Western Hemisphere Region  Planned Parenthood Federation  Parenthood Federation Western  Federation Western Hemisphere  International Planned Parenthood   CHANGE Applauds President,8
vanguardnewsnetwork, Trump Derangement Syndrome  William Pierce  Posted by Socrates  Permanent Link  VNN Black Statistics  White Western culture  White People  White  Middle East Wars   William Pierce Wednesday,8
dw-world, enable JavaScript  JavaScript to run  app  enable  JavaScript  run   run this app,6
bahai, Bahá’ís BelieveWhat Bahá’ís  Bahá’í FaithThe Official  Bahá’í CommunityWhat Bahá’ís  Bahá’ís DoNational Bahá’í  Bahá’í Community عربي中文  Bahá’í Reference Library  Bahá’í CommunitiesBahá’í Reference  Bahá’í FundsSharing Bahá’í  Bahá’í Community   Worldwide Bahá’í Community,8
a-osipoff, Link  Thread  Reply   UTC,8
derechos, Long War  War Journal  Nations Security Council  ENG  South China Sea  Fdd Long War  Bill Roggio  York Times  las Naciones Unidas   Long War Journal,8
barnesandnoble, Add to Wishlist  ADD  York Times Book  Wishlist  QUICK  Times Book Review  Exclusive Edition  York Times bestselling  York Times   QUICK ADD,8
bglad, Live Guys Cams  Star Video Archive  FREE Unlimited Access  show type  Adult Star Video  hour Feature Shows  Private Video Preview  Party Chat  Guys Cams   Free Users Chat,5
fark, Fark  Friday Fark Gaming  Fark Party Forum  Fark Gaming Thread  share  Friday Fark  Fark Forum  Forum Link Voting  Fark Book   Fark Forum Link,8
2ddepot, Reply  April  Game  Reply khloe  back  Melanie Martinez  n’t  Dev log  Martinez   Ximito,8
absolut, Absolut Mango Mule  Absolut  Absolut Grapefruit Paloma  Absolut Berry Vodkarita  Absolut Pineapple Martini  Absolut Company  Absolut Elyx  Absolut Citron  Absolut Mango   Absolut Vodka,8
nypost, USD  York Post  Post Official Store  Post Sports  Apple Podcasts Spotify  Aaron Rodgers  Rodgers Jets jerseys  Sports Betting  outdoor patio furniture   Aaron Rodgers Jets,8
polemika,  RSS Полемика Новости,3
brookings, Brookings Institution  Brookings Privacy Policy  Brookings  Brookings Press  Brookings Institution Privacy  Brookings Privacy  Institution Press  Institution  Search Brookings   Brookings Institution Press,0
doctissimo, Les  des  famille  Article  vous  pour  Bébé  Grossesse  Beauté   Santé,8
bitcoin, EEE  iii  qqq  yyy  PNG  IHDR  IEND  nnn  UUU   IDAT,8
childrensdefense, Children Defense Fund  Defense Fund Youth  CDF Freedom Schools  Defense Fund  Fund Youth Voices  Defense Fund Action  Children ’s Defense  Youth Voices Storytelling  Defense Fund Community   Defense Fund Sites,8
canna, House Pool Party  Die Schönsten Tiroler  Deep House Pool  Robin Fuchs  Top Hits  Single Charts  Deep House Essentials  Deep House Music  Die Drei Fragezeichen   Pech und Schwäfel,8
feedtheminds, Minds  Feed  Economic Empowerment  Internet Service Provider  People  Minds data protection  education  Empowerment  education projects   Feed the Minds,8
broadvoice, Cookie Consent plugin  Cloud Contact Center  Business Phone System  GDPR Cookie  Cookie Consent  Contact Center  Customer Success Program  Contact Center solutions  cookies   GDPR Cookie Consent,8
foreignword, European Commission Translation  Terminological Information System  Dictionaries for French  translation  dictionaries  Translation Service  Terminological Information  French  Commission Translation   Commission Translation Service,7
jurist, Supreme Court  Supreme Court Monday  Judicial Reform Protests  Reform Protests Explained  Newcastle Law School  JURIST Legal  Law School  Law  France court Tuesday   Supreme Court rules,8
drugsense, Media Awareness Project  Drug Policy  Drug Policy Central  MAP  Drug  Awareness Project  Policy  drug policy organizations  Media Awareness   drug policy reform,8
cvs, project summary page  Open Source Software  Project  Business Software  project summary  project web  Source Software  Site Documentation  Software   project web site,5
enom, certified reseller  Enom Certified Reseller  Enom  Reseller Agreement  Domain  Reseller  Domains  SSL   Certified Reseller Agreement,8
exmormon, Mormon  Mormon Church Anonymous  Mormon Church City  Mormon Church general  Mormon Church admits  Church  Mormon Church Essay  Mormon Church Doctrine  Official Mormon Church   Mormon Church,8
cartercenter, Carter Center  Carter Center Health  Carter Center Mental  Mental Health Program  Carter Center Experts  Carter Center programs  Carter Center Weekend  Center Health Programs  President Jimmy Carter   Carter Center Event,1
icftu, Viasat Internet  Viasat  Viasat internet plan  Viasat Satellite  Viasat Internet Provider  Viasat Voice  ViaSat Internet Quote  Satellite Internet  Internet   Viasat Satellite Internet,8
chinadaily, China Daily E-paper  China Daily Information  China Daily  China  China Daily Website  Connecting China Connecting  Daily PDF  Daily E-paper  Daily Information   China Daily PDF,7
150m, Free Web Hosting  PHP Web Hosting  Free Web  Web Hosting  Web Space  FrontPage Web Hosting  web hosting service  Web  Web Space Inc.   Free Web Space,5
angryharry, Golden  Slience   Slience is Golden,8
ftchinese, Financial Times Ltd.  Financial  Times  Times Ltd.  ESG   Financial Times,8
dit-inc, Internet Technology  Dynamic Internet  Press Release  Chinese Communist Party  Internet Circumvention Technologies  Internet Technology Inc.  DIT released Report  Chinese People Renouncing   Dynamic Internet Technology,8
eharmony, Dating site  Dating Christian Dating  Free Dating Site  International Dating Site  Black Dating Site  Dating  Christian Dating  Gay Dating Site  Lesbian Dating Site   Christian Dating Site,5
gamingday, domain  party service providers  services  domain ownership transfer  Brokered Domain  Client  Dan.com  Terms  Rental Agreement   CONTRACTOR,4
anekdot-blogger,  Twitter Counter.com ДНР,8
adium, Adium Videos Adium  Adium Documentation  HTTP Server  Videos Adium Documentation  Page  Apache HTTP Server  Test Page  Adium Xtras documentation  AlmaLinux Test Page   Adium,8
krown-products, Copyright Krown Products  web site owner  Products  web site  site owner  site  Quality Digital Models  Concept Design Services  Project   Krown Products,5
dogpile, Enable JavaScript  cookies to continue  Enable  continue  JavaScript  cookies  JavaScript and cookies   moment,6
squarespace, Squarespace Logo  Squarespace Customer Service  Squarespace  Squarespace SEO expert  Squarespace users  SEO Tools  Logo Maker  real Squarespace users  Squarespace Member Areas   Squarespace Blog,8
hightimes, Dispensary Workers Strike  Current LED Rebates  Illinois Dispensary Workers  View Posts  High Times  Cannabis Cup  Cannabis  Cannabis Activists Protest  Product Review   High Times Magazine,8
kidshealth, Nemours Children Health  Nemours Foundation  LAME  Nemours Children  Nemours  Safety Tips  Kids  Kids Home  Teens Home   UUUUUUUUUUUUUUUUUUUUUUUUUUUUUUUU,1
thenationalcampaign, Birth Control Access  teen birth rate  Contraceptive Access Fund  Power Updates Edition  birth control  Contraceptive Access  birth control pills  Contractive Access Toolkit  Teen Pregnancy Rate   Power to Decide,8
onlybingo, Bingo Strategy  Online Bingo Strategy  Bingo  Online Bingo  net bingo  Mexico Bingo  Strategy Advice  March  Web Bingo   Bingo Strategy Advice,1
identi, return  var  this.  END LICENSE BLOCK  return function  return false  BEGIN LICENSE BLOCK  return this.  element   function,8
luxtorrents,  DropCatch.com,8
globalr2p, Responsibility to Protect  Occupied Palestinian Territory  Atrocity Prevention  Democratic People Republic  Central African Republic  Global Centre  African Republic  Expert Voices  Voices on Atrocity   Atrocity Prevention Episode,8
glaad, GLAAD Media Awards  GLAAD Accountability Project  give glaad media  GLAAD Media  GLAAD  glaad awards trump  trump accountability project  GLAAD Transgender Media  Media Safety Index   GLAAD Media Institute,8
radiofreetexas, Free Texas LIVE  Free Texas  Texas LIVE  Texas Music  Radio Free  Great Texas Music  Texas  live music experience  live music   Radio Free Texas,5
discord, Place  friends  Hang  invite-only place  Discord  often.DownloadOpen Discord  channels  group   Talk,8
cannabisnature, Start payment plan  Start payment  payment plan  payment  Buy  Start  February  domains  WhoIs Privacy Protection   domain,0
jakor, friends RSS Юрий  Entries Friends Archive  Friends Archive Profile  LiveJournal User agreement  accept LiveJournal User  User agreement jakor  RSS Reader   RSS Юрий Якорь,3
hvylya, Server Error nginx  Internal Server  Server Error  Error nginx  Internal  Server  Error  nginx   Internal Server Error,8
obkom,  Max Bezugly Расширенный,8
navy, Naval Operations  United States Navy  Chief of Naval  Master Chief Petty  Naval Personnel  CNO Professional Reading  Navy  MyNavy Career Center  Professional Reading Program   Chief Petty Officer,8
clubdicecasino, Online Club Dice  Dice Casino  Club Dice  Online Club  Casino  Club  Dice  Online   Club Dice Casino,0
norml, Reform Marijuana Laws  NORML Political Director  NORML  NORML State  NORML Foundation  State Policy Manager  State Policy Weekly  NORML Twitter  NORML Insta   NORML State Policy,0
ananzi, Pictures Toyota Hilux  Western Cape Western  Pictures Opel Corsa  days agoReport  agoReport AdView Photos  Cape Town  Pictures Ford Ranger  CMH Cape Town  Cars Cape Town   Coordinated Universal Time,8
nytimes, York Times Company  York Times CompanyNYTCoContact  York  reading the main  York Times Climate  Times  social media  Times CompanyNYTCoContact UsAccessibilityWork  York Times account   York Times,8
pussy-riot, sale pussy riot  Tags pussy riot  pussy riot sale   PUSSY RIOT,8
i, User-agent  publicapi  query  logging  batch  fetch  web  client  error   Disallow,8
blogeasy, Free Web Hosting  Free Blog  Blog Hosting  Free Web  Web Hosting  Privacy Policy  Free  Blog  free blog site   Free Blog Hosting,5
guardster, Guardster web sites  Amazon Services LLC  LLC Associates Program  Privacy Headquarters  Guardster  Web Sites  Privacy Policy  Guardster Recommends Nord  Guardster Recommends Atlas   Services LLC Associates,0
translation2, English  Tiếng Việt Українська  English Translation  Việt Dịch thuậtTiếng  English TranslationChinese Trad  Tiếng Việt  English TranslationChinese Simp  English TranslationHaitian Creole  English TranslationScots Gaelic   Tiếng Việt Dịch,8
frc, FRC Press Office  Research Council President  President Tony Perkins  Council President Tony  Research Council Tony  FRC Tony Perkins  Council Tony Perkins  Research Council  Family Research   Family Research Council,8
peoplefirst, Law Firms lawyer  Criminal Defense Lawyer  Firms lawyer legal  Injury Lawyer  Car Seat Laws  car accident lawyer  Injury personal injury  lawyer  Defense Lawyer   Personal Injury Lawyer,7
mc-masters, User agreement Максим  LiveJournal User agreement  accept LiveJournal User  LiveJournal  agreement Максим   agreement Максим Стрибный,2
expres, Republic   Islands,8
magicjack, Phone Service Provider  Home Phone Service  Money Back Guarantee  phone number  number  Service  Internet Home Phone  Service Provider  Back Guarantee   magicJack,4
crazyshit, PUBLIC ACTS  crazyshit  Porn Sites  Porn  Top Porn Sites  Crazy Shit crazyshit  Points  Porn Games  SHITTIER DAY   CrazyShit Live crazyshit,8
tdov, Simple Theme  Theme from Nimbus  TDOV  San Francisco  Theme  Themes  Powered  Powered by WordPressNothing  Nimbus   Nimbus Themes,8
occupystreams, Bandar Judi Online  Judi Online Casino  Judi Online Terpercaya  Dari Bandar Judi  Dari Judi Online  Online Casino Resmi  Agen Judi Online  Main Judi Online  Online Resmi Tembak   Judi Online Resmi,0
