auduboninternational: Cooperative Sanctuary Program, Audubon Cooperative Sanctuary, Green Lodging Program, Green Hospitality Program, Audubon International, Audubon International Headquarters, Sustainable Communities Program, Signature Sanctuary Certification, Audubon International Certified, Sanctuary Program, 
rapidgator: Copyright Infringement Policy, Việt Монгол Հայերենի, service, Rapidgator, Infringement Policy, Policy, Privacy Policy, Tiếng Việt Монгол, personally identifiable information, Terms, 
abc: ResponsibilityChildren Online Privacy, Online Privacy PolicyYour, State Privacy RightsAbout, Privacy RightsAbout Nielsen, Social ResponsibilityChildren Online, RightsAbout Nielsen Measurement, Online Privacy, Entertainment ChannelsWatch Free, State Privacy, Personal InformationInterest-Based AdsClosed, 
arabtimes: United States, largest Arab-American newspaper, WORLDWIDE SHIPPING, States, largest Arab-American, Arab-American newspaper, United, DOOR, SHIPPING, EMAIL, 
americannaziparty: International Helsinki Federation, Central Helsinki Hotell, Moscow Helsinki Groups, Hotell Helsingfors, Helsinki Federationfor Human, OSCE Human Dimension, endstream endobj, Hotel Art Helsingfors, Scandic Hotell Helsingfors, Plaza Helsinki Hotell, 
blackjackinfo: Online Blackjack Strategy, Blackjack Basic Strategy, Blackjack Live Dealer, Strategy Basic strategy, Blackjack Strategy, Basic Strategy, Blackjack Strategy Engine, Blackjack Strategy Trainer, Blackjack GameTournamentsFree Blackjack, basic strategy cards, 
exgay: journey, life, menu items.Your journey, peace, items.Your journey, Confidence, peace begins, told, journey to peace, live, 
ua-24: Generation Domain Registration, Domain Registration, NameBright, Generation Domain, Coming, Registration, NameBright.com, Generation, Domain, 
breakingnews: Irish Times DAC, Ireland World Business, Irish Times, Lifestyle Lotto Horoscopes, World Business Weather, Irish Times Group, Business Weather Archive, Soccer GAA Rugby, Times DAC, Times DAC 24-28, 
growerz: Found nginx, Found, nginx, 
giganews: Giganews, Usenet, Quality Usenet Retention, Usenet Support, Usenet service, Giganews Reviews, Internet service providers, Support, Service, Usenet Provider, 
formercatholic: Catholic church, Catholic Priests, Love Priests, Catholic, Priest, Roman Catholic Church, church, Catholics, Love, Top Reasons Catholics, 
acquisitionx: Acquisition, port numbers Acquisition, DOWNLOAD ACQUISITION, Activation Code Redelivery, port, port mapping, Activation Code, ports, Port Mapping Protocol, NAT Port Mapping, 
copticchurch: Coptic Orthodox Church, Mark Coptic Orthodox, Pope Shenouda III, Coptic Orthodox, Orthodox Church, Coptic Church, Coptic Calendar, Coptic, Mark Coptic, Pope Shenouda, 
attrition: czarina, security, ATTRITION, jericho, information, Attrition staff, attrition.org, legal threats, Martums, time, 
4online-gambling: casino game play, casinos, Online Casinos, Casino, Online gambling, Free casino game, online casino games, casino game, Online, gambling, 
ghostrecon: Ghost Recon Breakpoint, Ghost Recon, Clancy Ghost Recon, Ghost Recon ChannelsEnglishStoreUBISOFT, Ubisoft Entertainment, Recon Breakpoint, guideGhost Recon Breakpoint, GHOST RECON PHOTO, Ghost Recon Operation, Ubisoft Parent guideGhost, 
uainforg: Leave a commentShareFlag, 
hizb-russia: moment, Enable JavaScript, cookies to continue, Enable, continue, JavaScript, cookies, JavaScript and cookies, 
caritas: Continue Reading, Caritas Internationalis, Human Trafficking, Caritas, North America, North Africa, work OVERVIEW, Caritas South Sudan, Reading, South Sudan, 
looo: Loooch, Homosexuality for Kids, Lesbianism for Kids, file publishing, Kids, Adrian Chen, Andrey Tselikov, Global Voices, Dan Avery, 
raznesi: von der UEC, Zeiten des Internets, Befreiung von der, Crowdfunding bis Crowdinvesting, auf Befreiung von, Sie, Arten von Investitionen, von Crowdfunding bis, Antrag auf Befreiung, der UEC, 
ukraineanalysis: Donetsk People Republic, Ukraine, Politics in Ukraine, Luhansk People Republic, Eastern Ukraine, David Marples Ukraine, Current Politics, People Republic, David Marples, Donetsk People, 
triviasecurity: Invalid SSL certificate, SSL certificate, SSL certificate presented, expired SSL certificate, SSL certificate issued, Invalid SSL, SSL, valid SSL, certificate, Certificate Authority, 
hrlibrary: CEDAW Convention, States Parties, United Nations human, Women Human, CEDAW Committee, United Nations Convention, reporting States parties, Minnesota Human, Women, Women Watch, 
hanes: hanes.comPlease enable, hanes.comPlease, blocker, enable, disable, 
anon: JAP, Version von JAP, Technische Universität Dresden, für alle Nutzer, bei den Dresden, die Downloadmöglichkeiten über, Downloadmöglichkeiten über die, und Informationen über, die Dresden, 
cbc: CBC Gem.About CBC, CBC, CBC AccessibilityAccessibility Feedback, CBC shows offered, Canada, April, season, CBC shows, Canada including people, AccountProfileCBC GemNewslettersAbout CBC, 
888casino: Free Spins, Spins No Deposit, Online Casino, Casino, Free, Deposit, Spins, Online, 
goldenrivieracasino: web server, web server timed, Connection timed, origin web server, Cloudflare, Cloudflare Ray, web, server, Error, Connection, 
bittorrent: download BitTorrent Web, BitTorrent Web, BitTorrent Speed, services, BitTorrent Speed AppDrive, BitTorrent, English Español Русский, User Content, personal information, Terms, 
freedomhouse: Freedom House, Freedom, Kong Media Bulletin, Freedom House weekly, Annual Freedom Awards, Freedom House works, Media Freedom, Media Bulletin, Global Media Influence, Policy Recommendations, 
angelfire: Lycos Network, Lycos Network Web, Lycos Network Privacy, Lycos Network Terms, Lycos Network Products, Lycos Network service, Lycos Network Search, Lycos Network sites, Lycos Network Logos, Lycos, 
newsland: NewsLand Войти Войти, 
breastenlargementmagazine: leyu 乐于体育下载【集团】有限公司 leyu, leyu, leyu 乐于体育下载, 
freehomepage: Free Web Hosting, Web Hosting, Web Site Hosting, Free Web Site, Web Hosting Reviews, Free Web, web hosting services, Site Hosting Services, Free Home Page, Web Hosting Web, 
ebay: Dunk Low Pro, Fly Streetwear Gardenia, Fly Streetwear Low, Low Pro Fly, Pro Fly Streetwear, Dunk Low, Dunk Low Fly, Fly Streetwear, Low Fly Streetwear, offPrevious price, 
liga: FMCG Новини компаній, 
ads: Google Ads, Google, Google Ads account, Google Ads Mobile, Google Account, Google Play, Ads, Google services, Google Ads Editor, Google Ads API, 
pornhub: Free Porn Videos, Videos, Porn Videos, Top Rated Albums, Top Rated GIFs, View Playlist, views, Exclusive Content, Popular Verified Models, Viewed Albums, 
torrentsfilm: domain, Start payment plan, Start payment, payment plan, payment, Buy, Start, February, domains, WhoIs Privacy Protection, 
dictionary: PuzzleCrossword SolverScrabble Word, SolverScrabble Word FinderWord, Word FinderWord PuzzleHurdleOutspellWord, MeaningsGamesGamesDaily Crossword PuzzleCrossword, Crossword PuzzleCrossword SolverScrabble, SexualityMixed-up MeaningsGamesGamesDaily Crossword, emailI inAboutCareersContact UsCookies, SolversLearnLearnWord ListsNew WordsTrending, ListsNew WordsTrending WordsAll, ArtsWritingWritingGrammar CoachWriting PromptsGrammar, 
imrussia: xmpG, Modern Russia, Resource, CMYK, rdf, process, Russia, Type, Institute of Modern, Vladimir Putin, 
wedo: Wordfence, site owner, Block Technical Data, site, Wordfence blocking tools, million WordPress sites, Wordfence blocking, Technical Data, WordPress sites, access, 
budweiser: ONDE COMPRAR, LEGAL DRINKING AGE, People Democratic Republic, Budweiser, link redirects, BUY, ONDE, COMPRAR, Republic, ENTER THIS SITE, 
dopplr: Min Read, Dopplr Legal, Understanding Defamation Lawsuits, Legal, Whistleblower Protections, Halloween Food Safety, Defamation Lawsuits, Food Safety Tips, Lawsuits, Lawsuits legal, 
maxim-sokolov: LiveJournal User agreement, Italiano Русский Українська, User agreement maxim, comment, accept LiveJournal User, User agreement, Log, 
dikoe-pole: filled out completely, form, completely, filled, Address, offer, optional, Buy this domain, USD, domain, 
proxy: Proxy List, site, VPN List, Web Proxy List, Proxy, List VPN List, List, Proxy List VPN, agreement, Proxy.org, 
translate: PuzzleCrossword SolverScrabble Word, SolverScrabble Word FinderWord, Word FinderWord PuzzleHurdleOutspellWord, MeaningsGamesGamesDaily Crossword PuzzleCrossword, Crossword PuzzleCrossword SolverScrabble, SexualityMixed-up MeaningsGamesGamesDaily Crossword, emailI inAboutCareersContact UsCookies, SolversLearnLearnWord ListsNew WordsTrending, ListsNew WordsTrending WordsAll, ArtsWritingWritingGrammar CoachWriting PromptsGrammar, 
antijob: domain.Domain Details Page, Details Page, mahost.org, domain.Domain Details, Page, Buy this domain.Domain, Details, Buy, JavaScript enabled, enabled, 
ccel: Christian Classics Ethereal, God, Christian Life, Early Church Fathers, Read online, Christ, Classics Ethereal Library, Christian Classics, Christian, Church Fathers, 
anonymouse: Anonymouse, Contact Info, Kontakt Info, Privacy Policy, FAQ, Info, service, privacy, Copyright, 
gatesfoundation: Melinda Gates Foundation, Gates Foundation, Melinda Gates, Gates Foundation Privacy, Gates Foundation works, Gates Philanthropy Partners, Foundation, Gates, Gates Foundation commitment, Cookies Notice, 
adore: Red Crescent Societies, Red Cross Red, Red Cross Society, International Red Cross, National Red Cross, Cross Red Crescent, Red Crescent Movement, Red Cross, Red Crescent Society, Red Crescent, 
collegehumor: MMMMMMMMMMMMMMMMMMMMMMMMMMMMMMMMMMMMMMMMMMMMMMMMMMMMMMMMMMMMMMMMMMMMMMMMMMMMMMMM, MMMMMMMMMMMMMMMMMMMMF, Dropout, MMMMMMMMMMMMMMMMMM, Dropout Connected Ventures, MMMMMMMMMMMMMMMMMMMM MMMMMMMMMMMMMMMMMMMM, comedy, watch, Dropout Connected, Android, 
ifeminists: commentary round-up, commentary, Ayn Rand, Bitcoin Cash address, Atlas Shrugged Part, round-up on Ayn, Ayn, Shrugged Part, Wendy McElroy, McElroyAtlas Shrugged Part, 
666games: Violent Bloody Horror, Free Online Flash, Gruesome Brutal Zombies, Bloody Horror Murder, Painful Deathly Kill, Kill Extremely Terror, Deathly Kill Extremely, Horror Murder Sadistic, Terror Gruesome Brutal, Gory Painful Deathly, 
timesofindia: Femina Miss India, Times Internet, Bhai Kisi, time Times Internet, Miss India World, Miss India, Kisi Ki Jaan, Times Fashion Week, Jonathan OwensSimone Biles, Times, 
kurush1: RSS Блог Максима, friends RSS Блог, LiveJournal User agreement, Entries Friends Archive, Friends Archive Profile, 
seclists: Subscriber Rules Update, Snort Subscriber Rules, Infrastructure Security Agency, RISKS List Owner, Nmap Security Scanner, Security Mailing List, Open Source Security, Apple Product Security, Security Lists, Releases Security Updates, 
anglicancommunion: moment, Enable JavaScript, cookies to continue, Enable, continue, JavaScript, cookies, JavaScript and cookies, 
osp-ua: osp ua Resources, Resources, osp, Expired, Renewal Instructions, Instructions, Privacy Policy, Domain, Policy, Renewal, 
justicewomen: Womens Justice Center, Justice Center, Womens Justice, Center, Justice, Womens, 
aseansec: enable JavaScript, full functionality, enable, JavaScript, full, functionality, site, web browser, browser, instructions, 
carnivalcasino: Online Carnival Casino, Carnival Casino, Online Carnival, Casino, Carnival, Online, 
csmonitor: Christian Science Monitor, Christian Science Perspective, Science Monitor, Monitor Daily, Christian Science, Monitor View, Monitor Weekly digital, Monitor, Science Monitor Breakfast, Monitor Weekly, 
redenginejeans: totally awesome idea, redenginejeans.com is coming, totally awesome, awesome idea, redenginejeans.com, coming soon redenginejeans.com, coming, totally, awesome, idea, 
ifacetimeapp: Download App Windows, Android App Download, FaceTime Download App, FaceTime APK App, FaceTime App, Android APK, Apple Facetime app, download Facetime APK, Download App, App, 
obozrevatel: OBOZREVATEL дозволяється лише, OBOZREVATEL може, OBOZREVATEL, MICLIC отримала Україна, 
cannabis: Doctors Doctors View, Marijuana Treatment Centers, Florida, Ghost Management Group, star average rating, storefronts Dispensaries View, miFlorida Medical Marijuana, Medical Marijuana DoctorsMedical, Dispensaries View allLady, Doctors View allGainesville, 
blogspot: beautiful blog easily, blog, beautiful blog, Create, blog easily, Create your blog, Blogger, Create a unique, beautiful, Google, 
alstrangers: friends RSS Все, Entries Friends Archive, Friends Archive Profile, RSS Все временно, RSS Все, 
casinotropez: Casino Tropez, casino, Services Malta Limited, Entertainment Services Malta, Type, Universe Entertainment Services, casino games, Tropez, Online Casino, obj, 
globet: Globet.com, TRUST, Biggest Jackpots, Huge Bonuses, Odds, Jackpots, Bonuses, COMING, sportsbook will return, return, 
store: Steam Subscriber Agreement, Action RPG, Steam Subscriber, Steam Deck, Adventure RPG, Off-topic Review Activity, Strategy RPG, Valve Corporation, Steam, Steam Curators, 
genderandaids: HIV, Gender Equality, Education Plus’ Initiative, Generation Equality Forum, Women, Equality, Gender Equality Dimensions, Education Plus’, HIV Response, Generation Equality, 
abclider: adult porn forum, piligriimmilii Гуру Репутация, Girl Huge Tits, Huge Tits Girls, refovod Гуру Репутация, NeoTyz Гуру Репутация, porn forum, Adult Videos Forum, adult porn, 
flash: web server timed, web server, Connection timed, Cloudflare Ray, origin web server, Cloudflare, Error, Connection, web, server, 
holmogor: LiveJournal User agreement, User agreement Разговоры, User agreement, 
ilhr: enable JavaScript, full functionality, enable, JavaScript, full, functionality, site, web browser, browser, instructions, 
bnaibrith: B’nai B’rith World, B’nai B’rith Magazine, B’nai B’rith Impact, B’rith Impact B’nai, Impact B’nai B’rith, B’nai B’rith Talks, B’rith World Center, B’nai B’rith International, B’nai B’rith, B’nai B’rith Disaster, 
christianitytoday: Korean American church, Christianity Today, Asian American church, American church, Church, American church today, Privacy Policy, Christianity Today Weekly, CreedAll Blogs Topics, View Current Issue, 
crs: Catholic Relief Services, Catholic Relief, Relief Services, CRS Foundation Board, CRS Rice Bowl, CRS, Catholic Prayers Book, CRS Resource Center, CRS History, FREE Catholic Prayers, 
blueskyswimwear: Quick View, Blue Sky Swimwear, Original Price, Power Enhancer Top, View, Tennis and Pickleball, Masks and Accessories, Face Masks, White Label, Private Label, 
lb: ENG Новини Політика, Live Досьє Спецтеми, 
gmhc: HIV, People Living, AIDS Walk, Living with HIV, People, GMHC Hotline, Black People, GMHC, Health Benefits, AIDS, 
astalavista: Found, server, requested URL, box.sk Port, API Solr, API Solr Default, URL, Debian, Port, Solr Default Core, 
a-sadov: Log, LiveJournal, User agreement, Italiano Русский Українська, account, English, Journal, 
instinctmagazine: Instinct Magazine, Favorite Instagrams, Miami Beach pride, Favorite Instagram Posts, EYE CANDY, Drag Race Hall, Drag Race, Instagram, Instinct, South Beach, 
glavnoe: href, 
lugansk: Kundensupport von BetStorm, Der Kundensupport von, Sie, Der Kundensupport, Kundensupport von, Live-Chat kontaktiert werden, wenn sie, von BetStorm kann, und, sie die Arbeit, 
ihr: World War, United States, war, American Historical Review, President Franklin Roosevelt, HISTORICAL REVIEW, British Security Coordination, American, World, Mark Weber, 
freshpair: Bra Style Guide, Underwear Style Guide, Style Guide, Shop Styles, Shop Brands, Shapewear Style Guide, Brands, Panty Style Guide, T-shirt Style Guide, Top Brands, 
turbobit: Turbo, file, download, files, premium, account, File download, Upload, Turbo access, upload files, 
catholic: Catholic Online School, Catholic Online, Catholic Online Prayers, Catholic Online Saints, Search Catholic Online, Online Prayer Candles, PRAYERS, Virtual Prayer Candle, Jesus Christ Prayers, Saints Feast Days, 
sfsi: Francisco Sex Information, San Francisco Sex, Sex Educator Training, Francisco Sex, Sex Information, San Francisco, Sex Educator, Sex, Information, Francisco, 
cidh: IACHR Home, IACHR, Home, 
rus: moment, Enable JavaScript, cookies to continue, Enable, continue, JavaScript, cookies, JavaScript and cookies, 
imo: free video calls, official website, imo, free video, calls and messages, video calls, free, messages, official, website, 
http-tunnel: Bypass Internet Censorship, Windows USB Recovery, USB Recovery Softwares, Tor Browser, Internet Censorship, HTTP Tunnel, Bypass Internet, Virtual Private Network, data recovery software, Data Recovery, 
finance: Yahoo Finance, full reportAnalyst Report, Screener Futures Screener, Yahoo Finance Live, Finance Live Yahoo, Live Yahoo Finance, Screener ETF Screener, Screener Index Screener, Screeners Equity Screener, Year Yahoo Finance, 
ecequality: TeamECADE MembersOur Networks, Eastern Caribbean Alliance, Eastern Caribbean, MembersOur Networks, Networks and SupportOur, equality championJoin ECADE, MediaResourcesAnnual ReportsManualsResearch PublicationsNGO, ECADEOur TeamECADE MembersOur, ReportsManualsResearch PublicationsNGO DatabaseDonateContact, Networks, 
ginvodka: Vodka Brands, Buying Guide, Gin Price, Vodka, Wine Gift Baskets, Gin, Gift Baskets, Sapphire Gin Price, Perignon Gift Baskets, Clicquot Gift Baskets, 
dw: run this app, enable JavaScript, JavaScript to run, app, enable, JavaScript, run, 
eve-kill: Loading, 
biz: FREE web hosting, Biz.ly free hosting, free hosting site, Biz.ly FREE web, Web Hosting Resources, free website hosting, web hosting, Biz.ly web hosting, FREE web, free web site, 
circumcision: Circumcision Resource Center, Circumcision Ronald Goldman, Ronald Goldman, Circumcision, Circumcision Resource, stop Medicaid circumcisions, Male Circumcision Harms, Circumcision Ronald, Medicaid circumcisions, Resource Center, 
episcopalrelief: Episcopal Relief, Life Garden Project, Episcopal Asset Map, Early Childhood Development, Childhood Development Work, Ukraine Crisis Response, Abundant Life Garden, Development, Childhood Development, Assets Builds Resilience, 
cseindia: Agarwal Environment Training, Environment Training Institute, CSE Lab Study, training programme, Programme Support FSSM, Anil Agarwal Environment, CSE training programme, Urban Water Management, Technical Support Unit, India Environment Portal, 
4chan: moment, Enable JavaScript, cookies to continue, Enable, continue, JavaScript, cookies, JavaScript and cookies, 
drugspowerstore: Copyright, drugspowerstore.com drugspowerstore.com, drugspowerstore.com, Privacy Policy, Reserved, Policy, Privacy, 
astrojyoti: Gita Lord Krishna, Vastu Shanti Pooja, Patanjali Yoga Sutras, nakshatra shanti poojas, Gita, Bhagavad Gita, Holy Pooja Shankha, Shanti Pooja, Bhagavad Gita recital, Full Bhagavad Gita, 
bravotube: Added, Big Black Cock, MILF Richelle Ryan, Richelle Ryan, Tori Black, Amy Brooke, big tits enjoys, years, big tits, site, 
ncac: Free Expression Film, NCAC Book Censorship, National Coalition, School Officialsfor Artistsfor, Free Expression, JOIN NCAC, Art Administratorsfor Activistsfor, Youth Free Expression, Free Expression Program, Resource CenterYouth Censorship, 
semyanich: bad gateway error, Bad gateway, Bad, gateway error, Cloudflare Ray, Error, gateway, Working semyanich.com, Working, Error code, 
sakhr: Portale-Portal SolutionSchool Management, SolutionSchool Management SystemSMS, Management SystemSMS OverviewSMS, Sakhr Software, SolutionSchool Management, Management SystemSMS, School Management System, Management, Arabic language technology, SakhrAbout SakhrOverviewContact UsSolutionsMachine, 
azartplay: domain ownership transfer, CONTRACTOR, domain, Buyer Protection Program, secure domain ownership, domain ownership, Dan.com, services, party service providers, VAT exampleThe VAT, 
humanrightsfirst: Human, Asylum Seekers, Systemic Injustice, Work, Join the Work, Asylum, Afghan Legal Assistance, Google Privacy Policy, Injustice, Seeking Asylum, 
shamash: Clear Kehillot, Shamash Hadash, Kehillot, Hadash, Shamash, Clear, content, glass, gazed, transparency, 
mynews-in: Found, Found error, requested URL, URL, Additionally, server, request, handle the request, requested, error, 
fuckingfreemovies: days ago, ago, week ago, Asian, days, day ago, Asian teen, Thai, Big, teen, 
ukr: Access denied, denied, Access, Error, site, code, Error code, site owner, owner, UTC, 
from-ua: Access denied, restrict access, Access, denied, Cloudflare, UTC, website, Ray, restrict, enable cookies, 
2shared: Privacy Policy, service, file, Copyright Infringement, Terms, file upload, Copyright, Policy, files, Customer data, 
freespeech: ICANN Transfer Policy, ICANN, domain, ICANN Working Group, ICANN Expected Standards, Losing FOA, ICANNTags ICANN, Transfer Security, transfer, Working Group, 
debate: Christian Muslim Debate, Christian response, Qur’an’s Documentary Evidence, Attraction of Islam, Qur’an’s Manuscript Evidence, States of Christ, Christian, Qur’an’s Archeological Evidence, Christian ’s Response, Christian Muslim, 
pocciy: POC Skull, POC, POC Skull Comp, Pocciy.com, POC Ski Helmets, Privacy Policy, Helmet, Policy, POC Ski, Notice, 
earth-liberation-front: Earth Liberation Front, situs online poker, Life Oregon Lotto, situs poker online, Limit Omaha Poker, Situs Judi, Omaha Poker Players, situs bisa Anda, Oregon Lotto Game, Pragmatic situs judi, 
digg: World Future Council, Cordillera Peoples Alliance, Future Council Peace, Global Futures Forum, Alliance Impact Report, Action Alert, World Future, Campaign Report, Action, Blog Post, 
r: AOL Search SettingsAOL, Search SettingsAOL Web, Search results, AOL Search, search results open.In, AdsPowered by Bing, explicit adult content, Search, filter resultsOpen search, explicit content, 
freeservers: Online Web Services, United Online Web, Web Services, Web Hosting Services, Online Web, United Online, UOL Web Services, UNITED ONLINE COMPANY, Free Web Hosting, Web Hosting Packages, 
en: WordPress Плагины WordPress, Apps Ресурсы Поддержка, Google Apps Ресурсы, 
oblicomorale: Pinterest Електронна пошта, 
news: FMCG Новини компаній, 
lgbt: LGBT Foundation Training, LGBT Sexual Health, Foundation Training Academy, LGBT Foundation Housing, LGBT Patient Experience, LGBT Foundation, Equality Wins LGBT, Manchester LGBT Extra, LGBT Domestic Abuse, LGBT IDVA Greater, 
abcnews: State Privacy RightsChildren, ABC NewsVideoLiveShowsClimateInterest Successfully, Privacy RightsChildren Online, RightsChildren Online Privacy, Online Privacy PolicyInterest-Based, State Privacy, Online Privacy, Online Privacy Policy, ABC, Children Online Privacy, 
bitcomet: GUI Improve, GUI Bugfix, Core Improve, GUI, Core Bugfix, improve, Bugfix, HTTP task, option window, torrent list, 
itc: Found nginx, Found, nginx, 
hotmail: Microsoft account requires, account requires JavaScript, Microsoft account, account requires, requires JavaScript, Microsoft, JavaScript, account, browser, requires, 
grandonline: Real Money, Play for Real, real, Money, JackpotPlay for Real, Beats Jackpot Play, Jackpot Play, Wild Jackpot Play, Space Jackpot Play, Wizard Jackpot Play, 
blizzard: RPGDiablo IIIAction RPGDiablo, IIIAction RPGDiablo IIIAction, RPGDiablo ImmortalAction RPGDiablo, ResurrectedAction RPGDiablo IIIAction, ImmortalAction RPGDiablo ImmortalAction, ImmortalAction RPGDiablo IIIAction, IIIAction RPGDiablo ImmortalAction, RPGDiablo IIIAction RPGStarCraft, RPGDiablo ImmortalAction RPGHearthstoneStrategy, GameDiablo ImmortalAction RPGDiablo, 
freewebspace: Free Web Space, Web Space, Free Web, Switch Web Hosting, Dedicated Free Web, Free Web Spaceby, Web, Web Space servers, Web Space ensure, Account Signup, 
earthaction: Cordillera Peoples Alliance, World Future Council, Action Alert, Global Futures Forum, Blog Post, climate change, Alliance Impact Report, Future Council Peace, Action, World Future Day, 
ihrc: Campaign, Palestine Campaign, Genocide Memorial Day, Zakzaky Campaign, IHRC, Report an Incident, Prison Packs Campaign, Packs Campaign, Decolonial International Network, Campaigns, 
feministing: Denfeld High School, Hillsboro High School, High School, Hills High School, span style, School High School, Barton High School, Feministing, Support Feministing, Senior High School, 
bakerlawfirm: HTTP Status, Found, HTTP, Status, Louis, pageFeaturesPricingLog InHomeFeaturesPricingAsa BakerDad, photosAsa Baker, date browsers, newer browser, Asa Baker, 
atimes: Clenbuterol onlineCheapest HGH, Buy Steroids Online, Testosterone Cypionate, HGH injectionsBuy Primobolan, steroids, HGH, buy Testosterone Cypionate, Online Steroids, Buy Restylane online, buy HGH, 
rutracker: Macintosh Игры для, DVD Video, DVD видео Музыкальное, 
gulag: endstream endobj, endobj, obj, Type, 
childrenscinema: enable JavaScript, full functionality, enable, JavaScript, full, functionality, site, web browser, browser, instructions, 
lgbtmap: LGBTQ People Raising, LGBTQ Youth Laws, Transgender Youth Sports, LGBTQ Movement Capacity, LGBTQ Youth, LGBTQ adult population, Transgender Youth, LGBTQ Equality, LGBTQ Equality Maps, Crime Laws, 
wwf: World Wide Fund, Panda Symbol WWF, WWF Registered Trademark, WWF Independent review, World Wildlife Fund, WWF, WWF Independent, WWF International, Symbol WWF, WWF Registered, 
6ott-mit-uns: mit, uns, LiveJournal User agreement, 
russialist: Wordfence, Block Technical Data, Technical Data, Wordfence blocking, Wordfence at Wed, Apr, site, learn about Wordfence, Generated by Wordfence, Wordfence to manage, 
grindr: Grindr, Grindr LLC, LGBTQ community, Grindr for Equality, Privacy Policy, LGBTQ, Personal Information, Community Guidelines, Grindr feature, Grindr users, 
maidanua: War Crimes Documentation, War Crimes, Russian War Crimes, War, 
mister-tt: LiveJournal User agreement, Italiano Русский Українська, RSS Reader, User agreement, accept LiveJournal User, LiveJournal, account, User agreement mister, Log, 
casinoking: Download, full experience, browser, Casino Club, experience, full, browsers, version, Google Chrome, Club, 
absinth: Absinthe, Vintage Absinthe Reproduction, Logan Fils absinthe, Vintage Absinthe, Absinthe Ritual, Absinthe Production, Fils modern absinthe, Pernod Fils, Absinthe Accessories, Logan Fils, 
ilga-europe: LGBTI people, European LGBTI movement, LGBTI, LGBTI movement, LGBTI organisations, Central Asia, Europe and Central, LGBTI organisations work, Europe, European LGBTI, 
ihf-hr: International Helsinki Federation, Central Helsinki Hotell, OSCE Human Dimension, Helsinki Federationfor Human, Hotell Helsingfors, Hotel Art Helsingfors, Central Asian OSCE, Grand Central Helsinki, Plaza Helsinki Hotell, Marina Hotell Helsingfors, 
anonymitychecker: PARTY SERVICE PROVIDERS, CONTRACTOR, Domain Brokerage Services, Brokered Domain, API Transactional Services, Rental Agreement, SERVICE PROVIDERS, transfer service provider, domain, services, 
gamespot: Star Wars Jedi, Wars Jedi, Star Wars Games, Wars Jedi Survivor, Star Wars, Jedi Survivor Guides, Free Prime Games, Jedi Survivor, Star Rail Redemption, Wars, 
delicious: Personal Data, Delicious, Privacy Policy, Delicious Content, User Content, data, Terms, personal, information, Privacy, 
hrea: International Earth Day, International Youth Day, International Day, World Day, HREA Events, Day, Earth Day, Youth Day, Human Rights Education, Current Projects, 
bit: Free Link Shortener, Bitly, URL, URL Shortener, Bitly Link Management, short URL, Code, custom URL shortener, Free Link, Codes, 
merchant: File or directory, Merchant WebMoney Transfer, directory not found, WebMoney Transfer, Merchant WebMoney, File, Merchant, Transfer, WebMoney, Server Error, 
forums: Classical Music, famous classical music, popular classical music, classical music composers, Classical Music Album, Kickass Classical, Kickass Classical Forums, top Classical Music, Kickass Classical Top, Classical features Classical, 
leteha: Danilin Pavel Вот, Danilin Pavel, commentShareFlag Дневники информационной, Pavel Вот для, 
beerinfo: World Beer Cup, Open Beer Championship, World Beer, Beer Cup, Open College Beer, Open Cider, Brewing Company, Craft Beer Releases, Brewing Company Brewing, Open College, 
emule: Sedo Domain Marketplace, EUR, domain, Domain Marketplace, Sedo Domain, domain emule.com, GBP, USD, Sedo, offer, 
donnerwort: Pussy Riot, Italiano Русский Українська, User agreement donnerwort, LiveJournal User agreement, Privacy Policy, 
gayegypt: LGBTQ Friendly Egypt, Gay PrideLos Angeles, Gay PrideMaspalomas Winter, Gay PrideSydney Margi, Gay PrideWashington Capital, Circuit FestivalBerlin Gay, Angeles PrideMadrid Gay, Beach PrideMunich Gay, LGBTQ Friendly, Gay, 
weedfarmer: Cannabis Grow Guide, Cannabis Growing Guide, Buy Cannabis Seeds, Cannabis, Cannabis Seeds, buy Weed Seeds, Cannabis Growing, Cannabis seeds growing, Cannabis Grow, Cannabis Sites, 
3a-pycb: LiveJournal User agreement, 
reinform: LiveJournal User agreement, Italiano Русский Українська, User agreement, LiveJournal, community, accept LiveJournal User, 
alexabarboss: Pinterest Ярлыки, Alex Sss, Alex Sss Киев, FacebookПоделиться в Pinterest, 
shia: Phone Number, Contact E-Mail, Islamic Organizations, Contact, Imam Ali, Islamic, Number, Important Muslims, Islamic Education Center, Phone, 
aidsalliance: Frontline AIDS partnership, Frontline AIDS, World AIDS Day, Frontline AIDS stands, Frontline AIDS staff, Frontline AIDS offers, FRONTLINE AIDS UKRAINE, AIDS, AIDS Day, AIDS partnership, 
ukrainianweek: Ukrainian Week LLC, Ukrainian Week, Week LLC, Ukrainian Week Share, Ukrainian, Ukraine, Russia, Week, Russian, 
gurby: Internal Server Error, 
weblogs: Status Updates Tagged, Hardware Tagged ssd, Status Updates, Resources Tagged cpanel, Weblogs.us servers continue, Resources Tagged, Continue reading, Status, Weblogs.us blog, Hardware Tagged, 
blackblocg: Google Adsense Indonesia, Tutorial Google Adsense, konten google adsense, Berita Terkini Internasional, adsense indonesia internasional, menulis konten google, Portal Berita Online, Tips Menulis Konten, Google Adsense, Berita Online Terbaik, 
neonjoint: GDPR Cookie Consent, Business Phone System, Cloud Contact Center, Cookie Consent plugin, GDPR Cookie, Cookie Consent, Customer Success Program, contact center solutions, Broadvoice Success Program, Contact Center, 
depositfiles: Web Shield Limited, Unknown Error Invalid, incorrect Unknown Error, read Cookie Policy, Unknown Error Complete, Location Current password, password, enter, Policy, Cookie Policy, 
cannaweed: les, pour, par, sur les, sur, des, cannabis, pas, pars sur une, Topic Unique, 
delicates: Pearl Thong Lingerie, Lingerie, Sexy Lingerie Sets, Open Lingerie Set, Lingerie Collection, Add to Wishlist, Sexy Lingerie, Lingerie Blog, Lingerie Sets, Thong Lingerie, 
avert: HIV, HIV information page, hiv hiv sex, HIV information, HIV testing resources, HIV testing, HIV personal stories, Healthworkers’ HIV Hub, HIV timeline, living hiv hiv, 
cwgl: Women Global Leadership, CWGL Leadership Member, Women Global, CWGL Team Member, Global Leadership, CWGL Affiliates Member, CWGL Advisory Board, CWGL Team, Women, Rutgers SAS Navigation, 
hoteljans: Hotel Restaurant Jans, Restaurant Jans, Hotel Jans, Hotel Restaurant, bij Hotel Restaurant, Restaurant Jans een, Jans, Restaurant Jans beschikt, Hotel, Restaurant, 
iavi: AIDS Vaccine Initiative, International AIDS Vaccine, HIV vaccine research, HIV vaccine, AIDS Vaccine, IAVI HIV prevention, Infectious Diseases Vaccines, IAVI, AIDS vaccine research, HIV vaccine candidates, 
abcunderwear: Clearance Men Underwear, Men Underwear Clearance, Men Underwear Men, Clearance Men Thongs, Clearance Men Swimwear, Men Bikini Underwear, NDS Wear Underwear, Men Bikini Swimsuits, Men Thong Swimsuits, Clearance Men Costumes, 
godalone: Worship God, Worship, God, 
community: Skill Gaming Region, Skill Gaming, Gaming Region, Destination Category, GAMES skill gaming, Life, PickPick a Destination, Life Destination Guide, Linden Research, Editors' PickPick, 
ectaco: Electronic Dictionaries, Translation Software, Software Collections, Talking Electronic Dictionaries, PDA Electronic Dictionaries, Language Learning, Foreign Language Learning, Windows translation software, Software, Text Translation Software, 
diplomaticsecondpassport: passport, Passport Offers, diplomatic passport, Ireland Passport, Paraguay Passport, Brazil Passport, Bulgaria Passport, Cyprus Passport, Montenegro Passport, Nicaragua Passport, 
iyfnet: moment, Enable JavaScript, cookies to continue, Enable, continue, JavaScript, cookies, JavaScript and cookies, 
businessweek: Bloomberg, Cookie Policy, robot, reference, Contact, Service and Cookie, JavaScript and cookies, review our Terms, Policy, cookies, 
globalfire: Found, DIE TREUEN FREUNDE, LiteSpeed Technologies Inc., und, Hintergründe und Täter, Wissen ist Macht, Technologies Inc., Medienerzeugnisse der Antideutschen, Feuer der Wahrheit, die, 
idea: International IDEA, Democracy, Publications Publications Overview, International IDEA Policy, IDEA Policy Paper, Work Overview, Global Democracy Coalition, Policy Papers, Global State, IDEA, 
delo: UOL Web Services, Online Web Services, United Online Web, Web Services, United Online, Web site today, Web Hosting Services, Web Hosting, UOL Web, Web site, 
darknet: Hacking Tools, Download Hacking Tools, Web Hacking Software, latest hacking tools, Networking Hacking Tools, Range Discovery Tool, Key Cracker Tool, Hacking, hacking-windows hacking tool, Crackable WPA Key, 
thepiratebay: Pirate Bay, Bay, resilient BitTorrent site, BitTorrent site, Pirate, galaxy most resilient, resilient BitTorrent, Download music, Torrents, site, 
guardian: Guardian, Guardian Puzzles app, Guardian Puzzles, Brett Kavanaugh assault, Video, Guardian Licensing, Guardian Australia, Brett Kavanaugh, Australia edition switch, Guardian Australia newsletters, 
tanzil: Quran Navigator, Tanzil, Quran, Navigator, 
btselem: moment, page, reload the page, DDoS, society, turn, JavaScript, reload, protection, civil, 
deathmetal: Brett Stevens, Death Metal Underground, Death Metal, black metal, Metal, Metal Underground, Metal Underground.Death Metal, Editionby Brett Stevens, black metal metal, 
pornolab: PornoLab.Net, 
gayscape: Private Webcam Show, Live Guys Cams, Free Users Chat, Star Video Archive, Private Video Preview, FREE Unlimited Access, Adult Star Video, Webcam Show, hour Feature Shows, Guys Cams, 
hon: Net Foundation, Foundation, Net, Health, 
foxnews: FactSet Digital Solutions, Privacy Choices Closed, Closed Captioning Policy, Fox, Choices Closed Captioning, Facebook Twitter Instagram, Privacy Policy, Twitter Instagram RSS, Fox Nation, Instagram RSS Email, 
aleph: Aleph （アレフ） 公式サイト, Public Relations Department, Aleph, Aleph （アレフ）, Public Relations, Aleph 広報部の許可なく配布・掲載することを禁止します, 
chertog: comment Мои твиты, linkpost comment Мои, comment Мои, User agreement Склад, LiveJournal User agreement, LiveJournal, accept LiveJournal User, 
earthwatch: field research expeditions, Support Scientific Research, Earthwatch, Research Focus Areas, research expeditions, Student Group Expeditions, Earthwatch Expedition, Earthwatch Research Expedition, Group Expeditions, Earthwatch Institute, 
eluniversal: Diario El Universal, VER MÁS, Universal, NOTA DE PRENSA, MÁS, Diario, VER, EDICIÓN DEL DÍA, del, los, 
hizb-ut-tahrir: Hizb ut Tahrir, Tahrir, die, Hizb, Bin Khalil Abu, 
inter: Inter, 
domainnamesales: vsezoo.com, Copyright, Buy this domain, Privacy Policy, Reserved, Policy, Buy, domain, Privacy, 
hotgaylist: votes 05:16 min, votes 06:24 min, votes, min, votes 03:27 min, gay porn videos, votes 05:16, votes 05:32 min, votes 05:04 min, 
ifge: Gender Education, Gender Identity Disorders, International Foundation, IFGE Annual Conference, Rush Transgender Conference, Gender Identity, Foundation for Gender, Gender Education Commemorates, Annual Transgender Day, IFGE Capital Conference, 
caseofpussyriot: Pussy Riot, Pussy Riot провели, Pussy Riot три, 
feminist: Feminist Majority Foundation, Feminist Majority, Majority Foundation, Girls Learn International, Feminist, Afghan Women, Women, Feminist Campus, Feminist Jobs, Majority, 
anaitiss: LiveJournal User agreement, Italiano Русский Українська, User agreement, LiveJournal, accept LiveJournal User, account, 
alt: SERVICES, contact Customer Service, Magnolia Blossom, Terms, Dating Services, BDSM, content, Customer Service, Internet Dating Safety, 
anonym: anonym.to anonym.to link, anonym.to link everything., links, anonym.to, anonym.to link, Script, link, global templates, link everything. anonymously, link everything., 
laborrights: Labor Justice-International Labor, Forced Labor, International Labor, Labor, LaborEnding Forced Labor, Tobacco FarmersFair Labor, Global Labor Justice-International, Labor Rights Forum, Global Labor, Global Labor Justice, 
ccrjustice: Center for Constitutional, Immigration PracticesCorporate Human, War Crimes, CCR Annual Report, Center, Constitutional, Abusive Immigration Practices, Records ProjectSouthern Justice, Bertha Justice Fellows, CCR, 
lurkmore: english buy, coffee, 
anonymsurfen: Meldung bei ZDFheute, Vollständige Meldung bei, Meldung bei, Anonym Surfen, Vollständige Meldung, das anonyme Surfen, bei ZDFheute, komplett anonym Surfen, Meldung, Trainer Thomas Doll, 
wsj: Wall Street Journal, Wall Street, Dow Jones, Dow Jones Reprints, Street Journal, Real EstateMoreReal Estate, Jones ProductsBarron'sBigChartsDow Jones, Jones BusinessesDow Jones, StoriesAdsAdvertiseCommercial Real Estate, Real Estate AdsPlace, 
barmeister: Unauthorized, credentials, bad password, document requested, requested, authorized to access, access the document, bad, password, required, 
exscn: Scientologist Message Board, Message Board, Scientologist Message, Scientology, Messages, Search, Search titles, Board, Search forums, Replies, 
bat: General Navigation Set, British American Tobacco, BAT Canada recognised, Skip General Navigation, BAT, Imperial Tobacco Canada, Navigation Set, ESG Report, American Tobacco, BAT Canada, 
tyzhden: Skovoroda auditoriumТарас ЛютийОлексій, auditoriumТарас ЛютийОлексій СокиркоВіталій, 
facebook: Facebook Lite Facebook, browser window.Join Facebook, Facebook, Facebook Graph API, Meta Pay, supported by Facebook, Meta, window.Join Facebook, simpler version, version to give, 
another-kashin: User agreement Кашин, LiveJournal User agreement, Italiano Русский Українська, User agreement, accept LiveJournal User, User, 
bfed: Web Server Default, Server Default Page, Server Default, Web Server, Default Page, Server, Default, Web, Page, Web site, 
89: Dating, Free Porn, Free, Porn, Free porn SEX, Free Dating, Porn Search, FREE PORN VIDEOS, Free Adult Directory, Straight Porn Search, 
dan: CONTRACTOR, party service providers, domain ownership transfer, domain, services, Brokered Domain, service providers, Client, Dan.com, domain ownership, 
getdrupe: Personal Information, Party Services, app, information, services, Users' Personal Information, collect Personal Information, communication apps, Personal, sell personal information, 
ilga: ILGA World, ILGA World resources, ILGA World maps, Bodies Annual Reports, Legal Mapping Report, ILGA World Conference, ILGA World Board, ILGA World Annual, Sex Characteristics Programme, Making Rainbow Waves, 
goarch: Greek Orthodox Archdiocese, Greek Orthodox Church, Greek Orthodox, Orthodox Archdiocese, Orthodox Christian faith, Greek Orthodox Parish, Greek Orthodox Christian, Nicholas Greek Orthodox, Holy Eparchial Synod, Eminence Archbishop Elpidophoros, 
surfshield: Bisnis Online Yang, Peluang Bisnis Online, Bisnis Online Sukses, Bisnis Online, Membuat Bisnis Online, Bisnis Online Wajib, Kelemahan Bisnis Online, Bisnis Online Terbaik, Sukses Bisnis Online, Rekomendasi Peluang Bisnis, 
ww1: Personal Information, information, Personal, Privacy Policy, SERVICES, including Personal Information, collect Personal Information, Personal Information protection, Privacy, personal information stored, 
pictureview: Classifieds Network Corporation, Interactive Classifieds Network, Network Corporation, Classifieds Network, Interactive Classifieds, Free Demo, PictureView, Demo, Sign, 
drugs-forum: Quick Links, Journal Entries, Journal Comments, Recent Posts, Reviews, Drug Test Kits, Links, Spot Test Kit, Journals List, Media, 
ipress: Economist Переклад iPress, 
advisor: WebMoney AdvisorWe, JavaScript enabled, work properly, properly without JavaScript, WebMoney, enabled, AdvisorWe, advisor-front, work, properly, 
familycareintl: Personal Information, Information, Privacy Policy, Personal, SERVICES, Privacy, including Personal Information, collect Personal Information, Personal Information protection, Policy, 
globalequality: Found, Non-Profit Soapbox, Global Equality, Report Cards, Global, Page, Council, Informed, Page Not Found, Finances, 
company: Fan Content Policy, Wizards Play Network, Fan Content, Game Services, Wizards, Information Collected Automatically, Privacy Policy, contact data, service, Personal Information, 
psyplants: DWC and SOILLED, 
ijm: International Justice Mission, IJM, Gift Catalog, IJM Gift Catalog, Gift, Freedom Partner, Monthly Gift, Monthly Gift Amount, Enter Monthly Gift, Justice Mission, 
catholicsforchoice: Catholics for Choice, Press Center, Catholics, Conscience Magazine, Catholic Healthcare, Catholic, Conscience, Reproductive Equity, Catholic Social Justice, reproductive freedom, 
insecure: Nmap Security Scanner, Nmap, Nmap version detection, Nmap Scripting Engine, Daniel Miller, Nmap XML output, Nmap Network Scanning, Nmap Security, Nmap Public Source, Patrik Karlsson, 
christianity: Bible Trivia, Bible, God, Bible Study Tools, Bible Trivia Challenge, God Hear, Bible Baseball, Bible Jeopardy, Large Print Bible, Jesus, 
teenadvice: Cookies Settings Accept, Great Outdoors, Career Paths, Humor, Business Ownership, Web Humor, Performing Arts, Political Humor, Visual Arts, Arts, 
ceceurope: CEC, CEC General Assembly, European Churches, Churches, Cookies, CEC General, Apr, General Assembly, Middle East, European, 
minorityrights: GDPR Cookie Consent, Cookie Consent plugin, GDPR Cookie, Cookie Consent, cookie, Group International newsletter, cookie is set, cookies, user consent, cookies store information, 
progressio: Development worker experiences, development worker, worker experiences blogWhat, blogDevelopment worker experiences, worker experiences, Progressio ICS, Progressio ICS volunteers, blogICS blogDevelopment worker, blogsJobsDevelopment worker FAQsWhat, questionsVolunteer blogsJobsDevelopment worker, 
vienna: LsdException Locked, Colorful List Accent, Colorful Grid Accent, Light List Accent, List Table, Light Grid Accent, Grid Table, Locked, Dark List Accent, img src, 
bbc: BBC Search BBC, morenextArticle share toolsFacebookTwitterShareView, Search BBC Search, share toolsFacebookTwitterShareView, share optionsShare, BBC, Search BBC, morenextArticle share, menu Search BBC, optionsShare this postCopy, 
ifj: IFJ Latin America, IFJ Middle East, IFJ China Portal, IFJ, IFJ Asia Pacific, IFJ China, Latin America, IFJ World Congress, Federation of Journalists, International Federation, 
gotgayporn: Young Gay Sex, Gay Group Sex, Gay Sex Toys, Gay Sex, Gay Voyeur Sex, views, Live Sex, Sex, Gay Massage Porn, Gay Porn, 
leontiev: User agreement Мои, LiveJournal User agreement, User agreement Добавить, User, User agreement, 
hacktivismo: los, para, una, las, por, Zoom, como, los píxeles, seguridad, para los, 
dd-rd: reference rdf, xapMM, Resource, rdf, stRef, stMfs, Type, endstream endobj, Inches, Resources, 
imdb: IMDb STARmeter Award, STARmeter Award, Upcoming Action Movies, IMDb, IMDb STARmeter, Popular MoviesBrowse Movies, Favorite STARmeter Award, Popular CelebsMost Popular, Movies, Award, 
ingushetiyaru: Slot Paten, online slot paten, Smart Glasses Part, Slot Paten Bull, World Poker Tour, Slot Paten Book, game slot paten, Top World Sunglasses, Sunglasses Brands Part, World Sunglasses Brands, 
appzplanet: Torrent download, Torrent download X-Art, TORRENT RAPIDSHARE DOWNLOAD, Torrent download Met-Art, Torrent download Advanced, APPZ TORRENT RAPIDSHARE, FULL APPZ TORRENT, DOWNLOAD, download X-Art Video, RAPIDSHARE DOWNLOAD ISO, 
democracycaucus: Democracy Caucus, Democracy Coalition Project, Community of Democracies, Nations Democracy Caucus, United Nations Democracy, Democracy, Democracy Coalition, human, Democracies Convening Group, Human Rights Council, 
lib: obivatel про Дашко, 
de: Loading, 
komtv: moment, Enable JavaScript, cookies to continue, Enable, continue, JavaScript, cookies, JavaScript and cookies, 
ilo: International Labour Organization, ILO, International Labour, Labour, work, International Labour Conference, international labour standards, Safety and health, decent work, social, 
care: Original CARE Package, CARE, CARE works, CARE Package, Text CARE, Français Português Español, Original CARE, Global Advisory Council, CARE response, Resources Archive, 
dfid: Government Web Archive, International Development, Web Archive, Government Web, Found, web, Department for International, correct web address, correct web, Development, 
8thstreetlatinas: Street Latinas, Street LatinasSophia Leone, Street, Street LatinasMonica Asis, Street LatinasGina Valentina, Street LatinasAlina Lopez, Street LatinasLuna Star, Street LatinasValentina Jewels, Street LatinasNicole Rey, Street LatinasVictoria June, 
idsoftware: Software id Software, Software, ENGLISH, language, country, FRANÇAIS, DEUTSCH, Date of Birth, ITALIANO, ESPAÑOL, 
banking: Webmoney Для работы, WebMoney авторизация АвторизоватьсяWebMoney.Login, Webmoney Для, 
wkkf: Kellogg Foundation Annual, Mission Driven Investments, Foundation Annual Report, Diverse Managers Program, Kellogg Foundation, Resource Directory, Driven Investments, Managers Program, WKKF Web Applications, Kellogg Foundation Trust, 
betway: moment, Enable JavaScript, cookies to continue, Enable, continue, JavaScript, cookies, JavaScript and cookies, 
actionaid: ActionAid International, ActionAid International RSIN, Vereniging ActionAid International, International RSIN number, ActionAid, Combatting Modern Slavery, International, International RSIN, ActionAid International shows, Modern Slavery, 
europacasino: Europa Casino, Casino, Entertainment Services Malta, Services Malta Limited, Online Casino, Universe Entertainment Services, online casino games, casino games, Trusted Online Casino, Europa, 
in: article with galleryApril, article with imageApril, article, Thomson Reuters, article with videoApril, opens, Biden South Korea, Fox Corp media, Tucker Carlson, Tucker Carlson part, 
bicommunitynews: BCN issue posts, issue posts newsfeed, BCN, LGBT groups call, issue posts, LGBT groups, BCN issue, Local Groups, BCN team, group, 
daymohk: Situs Slot Online, slot online anda, Slot Online, Slot Online Banyak, Slot Online Bonus, Slot Online Gacor, Judi Slot Online, slot online yang, Slot Online Indonesia, Slot Online Terbesar, 
queerussia: filled out completely, form, completely, filled, queerussia.info, Address, offer, optional, Buy this domain, USD, 
MainLinesEast: Railroad Home Page, Buffalo Central Terminal, Railway Historical Society, Railroad Historical Society, Official Home Page, Model Railroad Club, Home Page, Society Home Page, Buffalo Railroad Photos, Railroad Links Page, 
fteproxy: Kevin P. Dyer, fteproxy, Kevin, Dyer, tor, Tor Browser Bundle, PGP SIGNATURE, Tor Browser, OSX, END PGP SIGNATURE, 
opportunity: Opportunity Book Club, Opportunity International, Opportunity International partners, Opportunity International works, Opportunity International Financial, Opportunity Book, Opportunity International Governor, Financial Services, Digital Financial Services, Financial Reports, 
eccouncil: Cloud Security Engineer, Certified Cloud Security, Application Security Engineer, Certified Application Security, Certified Threat Intelligence, Threat Intelligence Analyst, Certified Security Specialist, Democratic People Republic, Certified Cybersecurity Technician, Cloud Security, 
ebaumsworld: Featured Yesterday, Featured, Views, Suspicious Things People, Funny, Things, Italian Girls Mocked, Interesting Things, Comments, people, 
emchurch: Evangelical Methodist Church, Methodist Church, Evangelical Methodist, Evangelical Methodist Church.Give, Learning Center Campaign, Church, local Evangelical Methodist, South Gray Road, Heritage Learning Center, Jesus Christ, 
agentprovocateur: full Agent Provocateur, Agent Provocateur, Agent Provocateur experience, Plunge Underwired Bra, size Account Details, full Agent, United States, Underwired Bra, Agent, season, 
heritage: Heritage Foundation, Health Care Reform, Establishment Clause, Establishment Clause concerns, min read, Health Care, Heritage Foundation Research, Free Exercise Clause, Kevin Roberts Show, United States, 
ita: die Juden, Ludendorff und Frau, Die Juden der, die, daß die Juden, die Juden die, für die Juden, der, die Juden das, der Juden, 
greennet: GreenNet, Legal information Complaints, Internet services, Internet, web, Bethnal Green, Oxford House, Derbyshire Street, work, practice Legal information, 
endryx: LiveJournal User agreement, Italiano Русский Українська, User agreement, LiveJournal, FAQ search page, FAQ, 
ru: Getty Images Photo, Tucker Carlson Fox, Images Photo, Tucker Carlson, Tucker Carlson CNN, Carlson Fox rise, Getty Images, American Idol Top, Carlson Fox, Vampire straw, 
world: TIME Vault, TIME USA, Time, South China Sea, Anchor Claims China, California Privacy, TIME Health, TIME Guide, TIME Labs, TIME Apps, 
drugoi: Getty Images, figure aentry-post, figure class, figure, div class, aentry-post, fullscreen aentry-post, SCANPIX, 
south-gir: friends RSS Мертвый, Entries Friends Archive, Friends Archive Profile, LiveJournal User agreement, RSS Мертвый дом, RSS Reader, commentsLeave a commentShareFlag, Tags, 
navalny: Found nginx, Found, Islands, nginx, Domain, Republic, Island, Saint, zona.me, Sav, 
limonka: domain, Start payment plan, Start payment, Buy, Start, payment, payment plan, WhoIs Privacy Protection, Privacy Protection, domains, 
backtrack-linux: Penetration Testing Distribution, Penetration Testing, Testing Distribution, BackTrack, Linux, Penetration, Distribution, BackTrack Linux, Testing, Kernel, 
lambdalegal: Lambda Legal, Legal Docs Archive, Lambda Legal lawyers, Legal, link leads, Lambda Legal helped, Lambda Legal cases, Lambda, Legal Docs, Legacy Case Archive, 
phrack: Phrack Magazine, code, RKP, Mechanical Phish, Cyber Grand Challenge, Phrack, Phrack Staff, RKP Exception Handlers, START CODE, guest system memory, 
guerrillagirls: Guerrilla Girls, College Art Gallery, STREET PROJECTS, art, Museum für Kunst, GUERRILLA GIRLSGuerrilla Girls, und Gewerbe Hamburg, University Art Gallery, Guerrilla, Kunst und Gewerbe, 
gaytoday: Enable Cookies, Enable, Date and Time, Address Date, Enable JavaScript, service, Cookies, security service, online attacks, protection against online, 
hackforums: Challenge, Site Challenge, Hack Forums, reload the page, Cookies and reload, reload, Forums, page, enable Cookies, Cookies, 
vdagestan: WPX Hosting, WordPress Hosting, Hosting, WPX, Website Disabled, WordPress, Disabled, Website, 
gayzona: enable JavaScript, full functionality, enable, JavaScript, full, functionality, site, web browser, browser, instructions, 
vsyapravda: Result Политика Экономика, 
hrpublishers: Human Rights Publishers, 
eea: Water Information System, Information System, official European Union, European Information Systems, European Union website, European Environment Information, European Union, European Environment Agency, information systemsBiodiversity Information, systemsBiodiversity Information System, 
transsexual: transsexual, life, gender, time, hormones, sex, transition, body, surgery, Physical Sex, 
hivandhepatitis: International Liver Congress, European AIDS Conference, EASL International Liver, International AIDS Conference, HIV Prevention Conference, AASLD Liver Meeting, AIDS Society Conference, Reduction International Conference, International AIDS Society, AIDS Conference, 
freeexpression: Free Expression Film, Free Expression, JOIN NCAC, Free Expression Network, ProgramYouth Free Expression, ArtYouth Free Expression, National Coalition, Expression, Free Expression ProgramKids’, School Officialsfor Artistsfor, 
afew: Public Health Initiatives, AFEW Partnership, EECA INTERACT, AFEW International, AFEW Academy, AFEW, Capacitating Public Health, Public Health, Solidarity Programme, Health Initiatives, 
lifestream: President Donald Trump, Harry Belafonte prompts, Harry Belafonte, President Joe Biden, girlfriend Erin Darke, President Biden, Erin Darke, Tucker Carlson, legend Bob Newhart, President Biden economic, 
ifrc: Red Cross Red, Red Crescent Societies, Cross Red Crescent, Red Cross, International Red Cross, National Red Cross, Red Crescent Movement, Red Crescent, Red Cross Society, Red Cross Societies, 
bacardi: BACARDÍ Carta Blanca, BACARDÍ Reserva Ocho, BACARDÍ Spiced Rum, SHARECELEBRATE HALLOWEEN BACARDÍ, HALLOWEEN BACARDÍ STYLERUM, BACARDÍ, RUMS BACARDÍ RUM, BACARDÍ Rum, BACARDÍ Coconut rum, BACARDÍ Carta, 
hostgator: HostGator website, customer service team, HostGator, website, assistive technology, unable to read, read any part, customer service, service team, team will assist, 
euro: European Immunization Week, European health report, Health, European Health, European Health Information, European Public Health, Europe, European Immunization Agenda, European Programme, Public Health Week, 
arabnews: Saudi Arabia reports, Saudi Arabia, cases Saudi Arabia, Saudi Cup, April, Sonia Ben Ammar, Saudi, MediaMEDIA POWER LISTS, Saudi Arabia continues, South Sudan, 
beeg: Beeg, 
nordrus-norna: LiveJournal User agreement, User agreement nordrus, accept LiveJournal User, User agreement, User, LiveJournal User, 
altavista: Gainesville Good day, Gainesville Good, Good day, Web, Mock Draft, Yahoo Search, Gainesville, Good, Search queryTrending, Yahoo, 
buddhanet: Bodhi Tree Forest, Tree Forest Monastery, Bodhi Tree Monastery, Bodhi Tree, Contact Bodhi Tree, World Buddhist Directory, Buddha Dharma Education, Tree Forest, Dharma Education Association, Vipassana Retreat Centre, 
login: File or directory, WebMoney Keeper, Keeper, WebMoney Keeper WinPro, Keeper WinPro, Keeper WebPro, directory not found, WebMoney Keeper Standard, File, WmLogin, 
uncyclopedia: Fandom, community, Community Central, Central, Wiki, FANDOM Lifestyle Community, Sitemap, Explore, Wikis, valid community, 
coquette: Crystal Pink Collection, Pink Collection, Elite Packaged Line, Packaged Line, Coquette International, Franklin Blvd, Texas USA, Collection, Coquette, Pleasure Collection, 
honduras: abril, Políticas de privacidad, los, nuestro sitio, Speciality Coffee Expo, Global Speciality Coffee, Honduras, información, Términos y Condiciones, para, 
moyashkola: editionпоказать обложкуУчебники Биология, Family and Friends, 
adultfriendfinder: Adult Friend Finder, Largest Adult Community, contact Customer Service, Find Adult Singles, Adult Friend, sex dating, Password reset link, Adult Dating, Adult Dating Site, Free Adult Dating, 
eln-voces: les, Quels sont les, Des, Remède naturel, est, une, naturel, sont les, pour, ses blocages avec, 
date: Find, Dating, Online Dating, Privacy Policy, Man, members, app, start dating, seeking, woman, 
amygoodloe: Error, check the URL, page, URL, Found, exist.Please check, exist.Please, check, back, Page Not Found, 
hackhull: Hull, People, hackHull, Unix, nix, updated, Electronics, Networks, ITX, Projects, 
benedelman: Google, Harvard Business School, Google search, competition consumer protection, consumer protection, platforms advertising advertising, HBS Executive Education, American Airlines Checked, economics law management, Airlines Checked Bag, 
fotolog: American Flag Proudly, CBD Water, Guide Дмитра Врачарић, Doors Дмитра Врачарић, CBD, Net Worth, URL Shorteners, 
babylon-x: Copyright, Privacy Policy, Reserved, Policy, Privacy, 
chadayev: Friends Archive Profile, LiveJournal User agreement, friends RSS chadayev, Entries Friends Archive, RSS Reader, Italiano Русский Українська, accept LiveJournal User, 
comohacerseunaborto: aborto seguro, aborto con medicamentos, aborto, CON PASTILLAS, SOBRE ABORTO SEGURO, Sitios web, aborto con, Puerto Rico, República Dominicana, Costa Rica, 
betfair: Arcade games play, In-Play, Arcade games, Betfair Bonus Roulette, games play, Betfair Casino Limited, Counterparty Services Limited, PPB Counterparty Services, Betfair, place bets, 
icrw: ICRW, ICRW Africa, ICRW Asia, Research Protection Program, Paula Kantor Award, ICRW works, ICRW Advisors, Women, Research, Human Research Protection, 
hindunet: Hindu Resource Center, Resource Center, Hindu Universe, Hindu Resource, Universe, Center, Hindu, Resource, 
ifex: United Kingdom, free expression, United States, Central African Republic, IFEX, IFEX Statements, media freedom report, Press Freedom Index, United Arab Emirates, IFEX Twitter, 
abortionno: RESOURCES Abortion Photos, CBR Abortion Photos, CBR Appeal Letter, CBR Photos, Genocide Awareness Project, PROLIFE RESOURCES Abortion, Pro-Life Intern Program, abortion photo signs, PROJECTS Genocide Awareness, Abortion Photos, 
chantelle: BRA, CHANTELLE, demi bra, Bras, Semi-Annual Sale, Unlined Underwire Bra, T-Shirt Bra, Sale, Chantelle bra fit, Smooth Demi Bra, 
euractiv: EURACTIV European Public, EURACTIV MEDIA NETWORK, European Commission, European Public Projects, EURACTIV European, EURACTIV, EurActiv Press Release, Featured Content, EURACTIV MEDIA, European, 
bestrussiandating: enable JavaScript, full functionality, enable, JavaScript, full, functionality, site, web browser, browser, instructions, 
datpiff: Authority In Mixtapes, DatPiff, Authority, Generation, Youtube and Instagram, reload the page, Archive.org, Library accessible, Generation of DatPiff, mixtape releases, 
okkupatsiya: Loading, 
beer: global beer market, Beer.com Domain PortfolioBeer.comDo, entire global beer, Domain PortfolioBeer.comDo, beer market, Beer.com Domain, PortfolioBeer.comDo you possess, possess the courage, courage and vision, entire global, 
dailymail: Late Late Show, Trust Global Gala, Corden Late Late, James Corden Late, Prince Trust Global, Late Late, James Corden, Late Show, Prince Trust Gala, James Corden final, 
amvrosievka: moment, Enable JavaScript, cookies to continue, Enable, continue, JavaScript, cookies, JavaScript and cookies, 
coordmedcentr: MEGA DARKNET MARKET, MEGA DARKNET, mega mega сайт, DARKNET MARKET Каталог, MEGA, 
economist: Economist GroupThe Economist, Economist Newspaper Limited, Economist explainsWorldThe world, Economist, American economist, Economist Newspaper, Economist readsSummer readsChristmas, Economist readsSummer, World, World Trade Organisation, 
genderhealth: CHANGE Applauds President, CHANGE Global Advocacy, Twitter IconA Twitter, Facebook IconA Facebook, GLOBAL FEMINIST ALLIANCE, Western Hemisphere Region, Planned Parenthood Federation, Parenthood Federation Western, Federation Western Hemisphere, International Planned Parenthood, 
vanguardnewsnetwork: William Pierce Wednesday, Trump Derangement Syndrome, William Pierce, Posted by Socrates, Permanent Link, VNN Black Statistics, White Western culture, White People, White, Middle East Wars, 
dw-world: run this app, enable JavaScript, JavaScript to run, app, enable, JavaScript, run, 
bahai: Worldwide Bahá’í Community, Bahá’ís BelieveWhat Bahá’ís, Bahá’í FaithThe Official, Bahá’í CommunityWhat Bahá’ís, Bahá’ís DoNational Bahá’í, Bahá’í Community عربي中文, Bahá’í Reference Library, Bahá’í CommunitiesBahá’í Reference, Bahá’í FundsSharing Bahá’í, Bahá’í Community, 
a-osipoff: UTC, Link, Thread, Reply, 
derechos: Long War Journal, Long War, War Journal, Nations Security Council, ENG, South China Sea, Fdd Long War, Bill Roggio, York Times, las Naciones Unidas, 
barnesandnoble: QUICK ADD, Add to Wishlist, ADD, York Times Book, Wishlist, QUICK, Times Book Review, Exclusive Edition, York Times bestselling, York Times, 
bglad: Free Users Chat, Live Guys Cams, Star Video Archive, FREE Unlimited Access, show type, Adult Star Video, hour Feature Shows, Private Video Preview, Party Chat, Guys Cams, 
fark: Fark Forum Link, Fark, Friday Fark Gaming, Fark Party Forum, Fark Gaming Thread, share, Friday Fark, Fark Forum, Forum Link Voting, Fark Book, 
2ddepot: Ximito, Reply, April, Game, Reply khloe, back, Melanie Martinez, n’t, Dev log, Martinez, 
absolut: Absolut Vodka, Absolut Mango Mule, Absolut, Absolut Grapefruit Paloma, Absolut Berry Vodkarita, Absolut Pineapple Martini, Absolut Company, Absolut Elyx, Absolut Citron, Absolut Mango, 
nypost: Aaron Rodgers Jets, USD, York Post, Post Official Store, Post Sports, Apple Podcasts Spotify, Aaron Rodgers, Rodgers Jets jerseys, Sports Betting, outdoor patio furniture, 
polemika: RSS Полемика Новости, 
brookings: Brookings Institution Press, Brookings Institution, Brookings Privacy Policy, Brookings, Brookings Press, Brookings Institution Privacy, Brookings Privacy, Institution Press, Institution, Search Brookings, 
doctissimo: Santé, Les, des, famille, Article, vous, pour, Bébé, Grossesse, Beauté, 
bitcoin: IDAT, EEE, iii, qqq, yyy, PNG, IHDR, IEND, nnn, UUU, 
childrensdefense: Defense Fund Sites, Children Defense Fund, Defense Fund Youth, CDF Freedom Schools, Defense Fund, Fund Youth Voices, Defense Fund Action, Children ’s Defense, Youth Voices Storytelling, Defense Fund Community, 
canna: Pech und Schwäfel, House Pool Party, Die Schönsten Tiroler, Deep House Pool, Robin Fuchs, Top Hits, Single Charts, Deep House Essentials, Deep House Music, Die Drei Fragezeichen, 
feedtheminds: Feed the Minds, Minds, Feed, Economic Empowerment, Internet Service Provider, People, Minds data protection, education, Empowerment, education projects, 
broadvoice: GDPR Cookie Consent, Cookie Consent plugin, Cloud Contact Center, Business Phone System, GDPR Cookie, Cookie Consent, Contact Center, Customer Success Program, Contact Center solutions, cookies, 
foreignword: Commission Translation Service, European Commission Translation, Terminological Information System, Dictionaries for French, translation, dictionaries, Translation Service, Terminological Information, French, Commission Translation, 
jurist: Supreme Court rules, Supreme Court, Supreme Court Monday, Judicial Reform Protests, Reform Protests Explained, Newcastle Law School, JURIST Legal, Law School, Law, France court Tuesday, 
drugsense: drug policy reform, Media Awareness Project, Drug Policy, Drug Policy Central, MAP, Drug, Awareness Project, Policy, drug policy organizations, Media Awareness, 
cvs: project web site, project summary page, Open Source Software, Project, Business Software, project summary, project web, Source Software, Site Documentation, Software, 
enom: Certified Reseller Agreement, certified reseller, Enom Certified Reseller, Enom, Reseller Agreement, Domain, Reseller, Domains, SSL, 
exmormon: Mormon Church, Mormon, Mormon Church Anonymous, Mormon Church City, Mormon Church general, Mormon Church admits, Church, Mormon Church Essay, Mormon Church Doctrine, Official Mormon Church, 
cartercenter: Carter Center Event, Carter Center, Carter Center Health, Carter Center Mental, Mental Health Program, Carter Center Experts, Carter Center programs, Carter Center Weekend, Center Health Programs, President Jimmy Carter, 
icftu: Viasat Satellite Internet, Viasat Internet, Viasat, Viasat internet plan, Viasat Satellite, Viasat Internet Provider, Viasat Voice, ViaSat Internet Quote, Satellite Internet, Internet, 
chinadaily: China Daily PDF, China Daily E-paper, China Daily Information, China Daily, China, China Daily Website, Connecting China Connecting, Daily PDF, Daily E-paper, Daily Information, 
150m: Free Web Space, Free Web Hosting, PHP Web Hosting, Free Web, Web Hosting, Web Space, FrontPage Web Hosting, web hosting service, Web, Web Space Inc., 
angryharry: Slience is Golden, Golden, Slience, 
ftchinese: Financial Times, Financial Times Ltd., Financial, Times, Times Ltd., ESG, 
dit-inc: Dynamic Internet Technology, Internet Technology, Dynamic Internet, Press Release, Chinese Communist Party, Internet Circumvention Technologies, Internet Technology Inc., DIT released Report, Chinese People Renouncing, 
eharmony: Christian Dating Site, Dating site, Dating Christian Dating, Free Dating Site, International Dating Site, Black Dating Site, Dating, Christian Dating, Gay Dating Site, Lesbian Dating Site, 
gamingday: CONTRACTOR, domain, party service providers, services, domain ownership transfer, Brokered Domain, Client, Dan.com, Terms, Rental Agreement, 
anekdot-blogger: Twitter Counter.com ДНР, 
adium: Adium, Adium Videos Adium, Adium Documentation, HTTP Server, Videos Adium Documentation, Page, Apache HTTP Server, Test Page, Adium Xtras documentation, AlmaLinux Test Page, 
krown-products: Krown Products, Copyright Krown Products, web site owner, Products, web site, site owner, site, Quality Digital Models, Concept Design Services, Project, 
dogpile: moment, Enable JavaScript, cookies to continue, Enable, continue, JavaScript, cookies, JavaScript and cookies, 
squarespace: Squarespace Blog, Squarespace Logo, Squarespace Customer Service, Squarespace, Squarespace SEO expert, Squarespace users, SEO Tools, Logo Maker, real Squarespace users, Squarespace Member Areas, 
hightimes: High Times Magazine, Dispensary Workers Strike, Current LED Rebates, Illinois Dispensary Workers, View Posts, High Times, Cannabis Cup, Cannabis, Cannabis Activists Protest, Product Review, 
kidshealth: UUUUUUUUUUUUUUUUUUUUUUUUUUUUUUUU, Nemours Children Health, Nemours Foundation, LAME, Nemours Children, Nemours, Safety Tips, Kids, Kids Home, Teens Home, 
thenationalcampaign: Power to Decide, Birth Control Access, teen birth rate, Contraceptive Access Fund, Power Updates Edition, birth control, Contraceptive Access, birth control pills, Contractive Access Toolkit, Teen Pregnancy Rate, 
onlybingo: Bingo Strategy Advice, Bingo Strategy, Online Bingo Strategy, Bingo, Online Bingo, net bingo, Mexico Bingo, Strategy Advice, March, Web Bingo, 
identi: function, return, var, this., END LICENSE BLOCK, return function, return false, BEGIN LICENSE BLOCK, return this., element, 
luxtorrents: DropCatch.com, 
globalr2p: Atrocity Prevention Episode, Responsibility to Protect, Occupied Palestinian Territory, Atrocity Prevention, Democratic People Republic, Central African Republic, Global Centre, African Republic, Expert Voices, Voices on Atrocity, 
glaad: GLAAD Media Institute, GLAAD Media Awards, GLAAD Accountability Project, give glaad media, GLAAD Media, GLAAD, glaad awards trump, trump accountability project, GLAAD Transgender Media, Media Safety Index, 
radiofreetexas: Radio Free Texas, Free Texas LIVE, Free Texas, Texas LIVE, Texas Music, Radio Free, Great Texas Music, Texas, live music experience, live music, 
discord: Talk, Place, friends, Hang, invite-only place, Discord, often.DownloadOpen Discord, channels, group, 
cannabisnature: domain, Start payment plan, Start payment, payment plan, payment, Buy, Start, February, domains, WhoIs Privacy Protection, 
jakor: RSS Юрий Якорь, friends RSS Юрий, Entries Friends Archive, Friends Archive Profile, LiveJournal User agreement, accept LiveJournal User, User agreement jakor, RSS Reader, 
hvylya: Internal Server Error, Server Error nginx, Internal Server, Server Error, Error nginx, Internal, Server, Error, nginx, 
obkom: Max Bezugly Расширенный, 
navy: Chief Petty Officer, Naval Operations, United States Navy, Chief of Naval, Master Chief Petty, Naval Personnel, CNO Professional Reading, Navy, MyNavy Career Center, Professional Reading Program, 
clubdicecasino: Club Dice Casino, Online Club Dice, Dice Casino, Club Dice, Online Club, Casino, Club, Dice, Online, 
norml: NORML State Policy, Reform Marijuana Laws, NORML Political Director, NORML, NORML State, NORML Foundation, State Policy Manager, State Policy Weekly, NORML Twitter, NORML Insta, 
ananzi: Coordinated Universal Time, Pictures Toyota Hilux, Western Cape Western, Pictures Opel Corsa, days agoReport, agoReport AdView Photos, Cape Town, Pictures Ford Ranger, CMH Cape Town, Cars Cape Town, 
nytimes: York Times, York Times Company, York Times CompanyNYTCoContact, York, reading the main, York Times Climate, Times, social media, Times CompanyNYTCoContact UsAccessibilityWork, York Times account, 
pussy-riot: PUSSY RIOT, sale pussy riot, Tags pussy riot, pussy riot sale, 
i: Disallow, User-agent, publicapi, query, logging, batch, fetch, web, client, error, 
blogeasy: Free Blog Hosting, Free Web Hosting, Free Blog, Blog Hosting, Free Web, Web Hosting, Privacy Policy, Free, Blog, free blog site, 
guardster: Services LLC Associates, Guardster web sites, Amazon Services LLC, LLC Associates Program, Privacy Headquarters, Guardster, Web Sites, Privacy Policy, Guardster Recommends Nord, Guardster Recommends Atlas, 
translation2: Tiếng Việt Dịch, English, Tiếng Việt Українська, English Translation, Việt Dịch thuậtTiếng, English TranslationChinese Trad, Tiếng Việt, English TranslationChinese Simp, English TranslationHaitian Creole, English TranslationScots Gaelic, 
frc: Family Research Council, FRC Press Office, Research Council President, President Tony Perkins, Council President Tony, Research Council Tony, FRC Tony Perkins, Council Tony Perkins, Research Council, Family Research, 
peoplefirst: Personal Injury Lawyer, Law Firms lawyer, Criminal Defense Lawyer, Firms lawyer legal, Injury Lawyer, Car Seat Laws, car accident lawyer, Injury personal injury, lawyer, Defense Lawyer, 
mc-masters: agreement Максим Стрибный, User agreement Максим, LiveJournal User agreement, accept LiveJournal User, LiveJournal, agreement Максим, 
expres: Islands, Republic, 
magicjack: magicJack, Phone Service Provider, Home Phone Service, Money Back Guarantee, phone number, number, Service, Internet Home Phone, Service Provider, Back Guarantee, 
crazyshit: CrazyShit Live crazyshit, PUBLIC ACTS, crazyshit, Porn Sites, Porn, Top Porn Sites, Crazy Shit crazyshit, Points, Porn Games, SHITTIER DAY, 
tdov: Nimbus Themes, Simple Theme, Theme from Nimbus, TDOV, San Francisco, Theme, Themes, Powered, Powered by WordPressNothing, Nimbus, 
occupystreams: Judi Online Resmi, Bandar Judi Online, Judi Online Casino, Judi Online Terpercaya, Dari Bandar Judi, Dari Judi Online, Online Casino Resmi, Agen Judi Online, Main Judi Online, Online Resmi Tembak, 
